guest_id,promotion_id,promotion_name,p_treat,p_ctrl,uplift,expected_ticket,margin_pct,discount_band,discount_cost_banded,cannibalization_penalty,eim_final,channel_eligibility,snapshot_id,build_version,model_version,code_commit_sha,why_selected,score_ts,nlp_rationale,top_features_shap
0T0z7etk,51,Family Meal,0.548785209655762,0.5,0.0487852320075035,34.5900001525879,0.377599984407425,5,0.199000000953674,0,0.438192874193192,Email Channel,snap_20250905,2025-08-22,v1.0,unknown,highest EIM; lower discount among ties; higher margin among remaining ties,2025-09-25T20:25:03.073515+00:00,"Guest 0T0z7etk receives Family Meal at 5 percent discount. Incremental value is projected positive with EIM 0.44, driven by modeled uplift and expected ticket. Top drivers unavailable for this row. Offer passes margin floor and discount cap guardrails.",NA
2p17fr4C,98,Value Deal,0.595938682556152,0.5,0.0959386900067329,42.3600006103516,0.527499973773956,5,0.457000017166138,0,1.68674039840698,Email Channel,snap_20250905,2025-08-22,v1.0,unknown,highest EIM; lower discount among ties; higher margin among remaining ties,2025-09-25T20:25:03.073515+00:00,"Guest 2p17fr4C receives Value Deal at 5 percent discount. Incremental value is projected positive with EIM 1.69, driven by modeled uplift and expected ticket. Top drivers unavailable for this row. Offer passes margin floor and discount cap guardrails.",NA
2qGFq562,98,Value Deal,0.588551700115204,0.5,0.0885517075657845,30.8299999237061,0.527499973773956,5,0.457000017166138,0,0.983100891113281,Email Channel,snap_20250905,2025-08-22,v1.0,unknown,highest EIM; lower discount among ties; higher margin among remaining ties,2025-09-25T20:25:03.073515+00:00,"Guest 2qGFq562 receives Value Deal at 5 percent discount. Incremental value is projected positive with EIM 0.98, driven by modeled uplift and expected ticket. Top drivers unavailable for this row. Offer passes margin floor and discount cap guardrails.",NA
3QHtDP9b,98,Value Deal,0.605238497257233,0.5,0.105238489806652,26.8099994659424,0.527499973773956,5,0.457000017166138,0,1.0313116312027,Email Channel,snap_20250905,2025-08-22,v1.0,unknown,highest EIM; lower discount among ties; higher margin among remaining ties,2025-09-25T20:25:03.073515+00:00,"Guest 3QHtDP9b receives Value Deal at 5 percent discount. Incremental value is projected positive with EIM 1.03, driven by modeled uplift and expected ticket. Top drivers unavailable for this row. Offer passes margin floor and discount cap guardrails.",NA
41l76c1z,51,Family Meal,0.544139325618744,0.5,0.0441393181681633,22.9249992370605,0.377599984407425,5,0.199000000953674,0,0.183091104030609,Email Channel,snap_20250905,2025-08-22,v1.0,unknown,highest EIM; lower discount among ties; higher margin among remaining ties,2025-09-25T20:25:03.073515+00:00,"Guest 41l76c1z receives Family Meal at 5 percent discount. Incremental value is projected positive with EIM 0.18, driven by modeled uplift and expected ticket. Top drivers unavailable for this row. Offer passes margin floor and discount cap guardrails.",NA
48i2GDrm,98,Value Deal,0.563866496086121,0.5,0.06386648863554,44.4599990844727,0.527499973773956,5,0.457000017166138,0,1.04083847999573,Email Channel,snap_20250905,2025-08-22,v1.0,unknown,highest EIM; lower discount among ties; higher margin among remaining ties,2025-09-25T20:25:03.073515+00:00,"Guest 48i2GDrm receives Value Deal at 5 percent discount. Incremental value is projected positive with EIM 1.04, driven by modeled uplift and expected ticket. Top drivers unavailable for this row. Offer passes margin floor and discount cap guardrails.",NA
4SFhbOMZ,98,Value Deal,0.633453845977783,0.5,0.133453831076622,16.5699996948242,0.527499973773956,5,0.457000017166138,0,0.70947653055191,Email Channel,snap_20250905,2025-08-22,v1.0,unknown,highest EIM; lower discount among ties; higher margin among remaining ties,2025-09-25T20:25:03.073515+00:00,"Guest 4SFhbOMZ receives Value Deal at 5 percent discount. Incremental value is projected positive with EIM 0.71, driven by modeled uplift and expected ticket. Top drivers unavailable for this row. Offer passes margin floor and discount cap guardrails.",NA
4uG4yAM6,58,BOGO,0.786581933498383,0.5,0.286581933498383,41.1500015258789,0.586899995803833,15,0.832500040531158,0,6.08872127532959,Email Channel,snap_20250905,2025-08-22,v1.0,unknown,highest EIM; lower discount among ties; higher margin among remaining ties,2025-09-25T20:25:03.073515+00:00,"Guest 4uG4yAM6 receives BOGO at 15 percent discount. Incremental value is projected positive with EIM 6.09, driven by modeled uplift and expected ticket. Top drivers unavailable for this row. Offer passes margin floor and discount cap guardrails.",NA
5ETbB8Pk,58,BOGO,0.724738419055939,0.5,0.224738404154778,38.5800018310547,0.586899995803833,15,0.832500040531158,0,4.25616216659546,Email Channel,snap_20250905,2025-08-22,v1.0,unknown,highest EIM; lower discount among ties; higher margin among remaining ties,2025-09-25T20:25:03.073515+00:00,"Guest 5ETbB8Pk receives BOGO at 15 percent discount. Incremental value is projected positive with EIM 4.26, driven by modeled uplift and expected ticket. Top drivers unavailable for this row. Offer passes margin floor and discount cap guardrails.",NA
5KRUhoVG,51,Family Meal,0.530652284622192,0.5,0.0306522808969021,29.2600002288818,0.377599984407425,5,0.199000000953674,0,0.13966403901577,Email Channel,snap_20250905,2025-08-22,v1.0,unknown,highest EIM; lower discount among ties; higher margin among remaining ties,2025-09-25T20:25:03.073515+00:00,"Guest 5KRUhoVG receives Family Meal at 5 percent discount. Incremental value is projected positive with EIM 0.14, driven by modeled uplift and expected ticket. Top drivers unavailable for this row. Offer passes margin floor and discount cap guardrails.",NA
5QqfPIyl,58,BOGO,0.723827183246613,0.5,0.223827168345451,29.1399993896484,0.586899995803833,15,0.832500040531158,0,2.99545168876648,Email Channel,snap_20250905,2025-08-22,v1.0,unknown,highest EIM; lower discount among ties; higher margin among remaining ties,2025-09-25T20:25:03.073515+00:00,"Guest 5QqfPIyl receives BOGO at 15 percent discount. Incremental value is projected positive with EIM 3.00, driven by modeled uplift and expected ticket. Top drivers unavailable for this row. Offer passes margin floor and discount cap guardrails.",NA
7lH9zMKO,51,Family Meal,0.527864336967468,0.5,0.0278643220663071,25.4400005340576,0.377599984407425,5,0.199000000953674,0,0.0686686784029007,Email Channel,snap_20250905,2025-08-22,v1.0,unknown,highest EIM; lower discount among ties; higher margin among remaining ties,2025-09-25T20:25:03.073515+00:00,"Guest 7lH9zMKO receives Family Meal at 5 percent discount. Incremental value is projected positive with EIM 0.07, driven by modeled uplift and expected ticket. Top drivers unavailable for this row. Offer passes margin floor and discount cap guardrails.",NA
8QwGt2k1,98,Value Deal,0.566971123218536,0.5,0.0669711083173752,37.8699989318848,0.527499973773956,5,0.457000017166138,0,0.8808434009552,Email Channel,snap_20250905,2025-08-22,v1.0,unknown,highest EIM; lower discount among ties; higher margin among remaining ties,2025-09-25T20:25:03.073515+00:00,"Guest 8QwGt2k1 receives Value Deal at 5 percent discount. Incremental value is projected positive with EIM 0.88, driven by modeled uplift and expected ticket. Top drivers unavailable for this row. Offer passes margin floor and discount cap guardrails.",NA
8WCl8knZ,98,Value Deal,0.544139564037323,0.5,0.0441395565867424,54.5400009155273,0.527499973773956,5,0.457000017166138,0,0.812888383865356,Email Channel,snap_20250905,2025-08-22,v1.0,unknown,highest EIM; lower discount among ties; higher margin among remaining ties,2025-09-25T20:25:03.073515+00:00,"Guest 8WCl8knZ receives Value Deal at 5 percent discount. Incremental value is projected positive with EIM 0.81, driven by modeled uplift and expected ticket. Top drivers unavailable for this row. Offer passes margin floor and discount cap guardrails.",NA
8deQOzxG,51,Family Meal,0.522189140319824,0.5,0.0221891440451145,31.6499996185303,0.377599984407425,5,0.199000000953674,0,0.06618332862854,Email Channel,snap_20250905,2025-08-22,v1.0,unknown,highest EIM; lower discount among ties; higher margin among remaining ties,2025-09-25T20:25:03.073515+00:00,"Guest 8deQOzxG receives Family Meal at 5 percent discount. Incremental value is projected positive with EIM 0.07, driven by modeled uplift and expected ticket. Top drivers unavailable for this row. Offer passes margin floor and discount cap guardrails.",NA
8wcoWFoe,51,Family Meal,0.551272511482239,0.5,0.0512725189328194,13.8900003433228,0.377599984407425,5,0.199000000953674,0,0.0699173808097839,Email Channel,snap_20250905,2025-08-22,v1.0,unknown,highest EIM; lower discount among ties; higher margin among remaining ties,2025-09-25T20:25:03.073515+00:00,"Guest 8wcoWFoe receives Family Meal at 5 percent discount. Incremental value is projected positive with EIM 0.07, driven by modeled uplift and expected ticket. Top drivers unavailable for this row. Offer passes margin floor and discount cap guardrails.",NA
8woPeX9P,98,Value Deal,0.608910799026489,0.5,0.108910821378231,27.1200008392334,0.527499973773956,5,0.457000017166138,0,1.10105633735657,Email Channel,snap_20250905,2025-08-22,v1.0,unknown,highest EIM; lower discount among ties; higher margin among remaining ties,2025-09-25T20:25:03.073515+00:00,"Guest 8woPeX9P receives Value Deal at 5 percent discount. Incremental value is projected positive with EIM 1.10, driven by modeled uplift and expected ticket. Top drivers unavailable for this row. Offer passes margin floor and discount cap guardrails.",NA
8xWjmMGz,98,Value Deal,0.605648517608643,0.5,0.105648525059223,28.4699993133545,0.527499973773956,5,0.457000017166138,0,1.12962162494659,Email Channel,snap_20250905,2025-08-22,v1.0,unknown,highest EIM; lower discount among ties; higher margin among remaining ties,2025-09-25T20:25:03.073515+00:00,"Guest 8xWjmMGz receives Value Deal at 5 percent discount. Incremental value is projected positive with EIM 1.13, driven by modeled uplift and expected ticket. Top drivers unavailable for this row. Offer passes margin floor and discount cap guardrails.",NA
9djTrfc6,51,Family Meal,0.555602252483368,0.5,0.0556022562086582,18.7800006866455,0.377599984407425,5,0.199000000953674,0,0.195293813943863,Email Channel,snap_20250905,2025-08-22,v1.0,unknown,highest EIM; lower discount among ties; higher margin among remaining ties,2025-09-25T20:25:03.073515+00:00,"Guest 9djTrfc6 receives Family Meal at 5 percent discount. Incremental value is projected positive with EIM 0.20, driven by modeled uplift and expected ticket. Top drivers unavailable for this row. Offer passes margin floor and discount cap guardrails.",NA
9zDKpSot,98,Value Deal,0.56405633687973,0.5,0.0640563070774078,29.1075000762939,0.527499973773956,5,0.457000017166138,0,0.526533782482147,Email Channel,snap_20250905,2025-08-22,v1.0,unknown,highest EIM; lower discount among ties; higher margin among remaining ties,2025-09-25T20:25:03.073515+00:00,"Guest 9zDKpSot receives Value Deal at 5 percent discount. Incremental value is projected positive with EIM 0.53, driven by modeled uplift and expected ticket. Top drivers unavailable for this row. Offer passes margin floor and discount cap guardrails.",NA
BkSCwCcU,51,Family Meal,0.533591210842133,0.5,0.0335911996662617,24.9300003051758,0.377599984407425,5,0.199000000953674,0,0.117213033139706,Email Channel,snap_20250905,2025-08-22,v1.0,unknown,highest EIM; lower discount among ties; higher margin among remaining ties,2025-09-25T20:25:03.073515+00:00,"Guest BkSCwCcU receives Family Meal at 5 percent discount. Incremental value is projected positive with EIM 0.12, driven by modeled uplift and expected ticket. Top drivers unavailable for this row. Offer passes margin floor and discount cap guardrails.",NA
CWJr0NRN,98,Value Deal,0.61668598651886,0.5,0.116686008870602,26.6800003051758,0.527499973773956,5,0.457000017166138,0,1.18520390987396,Email Channel,snap_20250905,2025-08-22,v1.0,unknown,highest EIM; lower discount among ties; higher margin among remaining ties,2025-09-25T20:25:03.073515+00:00,"Guest CWJr0NRN receives Value Deal at 5 percent discount. Incremental value is projected positive with EIM 1.19, driven by modeled uplift and expected ticket. Top drivers unavailable for this row. Offer passes margin floor and discount cap guardrails.",NA
EDnvMju3,98,Value Deal,0.673462092876434,0.5,0.173462077975273,30.5799999237061,0.527499973773956,5,0.457000017166138,0,2.34110808372498,Email Channel,snap_20250905,2025-08-22,v1.0,unknown,highest EIM; lower discount among ties; higher margin among remaining ties,2025-09-25T20:25:03.073515+00:00,"Guest EDnvMju3 receives Value Deal at 5 percent discount. Incremental value is projected positive with EIM 2.34, driven by modeled uplift and expected ticket. Top drivers unavailable for this row. Offer passes margin floor and discount cap guardrails.",NA
EGj9dCgZ,98,Value Deal,0.577060043811798,0.5,0.0770600438117981,38.4300003051758,0.527499973773956,5,0.457000017166138,0,1.10514771938324,Email Channel,snap_20250905,2025-08-22,v1.0,unknown,highest EIM; lower discount among ties; higher margin among remaining ties,2025-09-25T20:25:03.073515+00:00,"Guest EGj9dCgZ receives Value Deal at 5 percent discount. Incremental value is projected positive with EIM 1.11, driven by modeled uplift and expected ticket. Top drivers unavailable for this row. Offer passes margin floor and discount cap guardrails.",NA
F9UPVFDk,98,Value Deal,0.57458883523941,0.5,0.0745888501405716,34.2599983215332,0.527499973773956,5,0.457000017166138,0,0.890980899333954,Email Channel,snap_20250905,2025-08-22,v1.0,unknown,highest EIM; lower discount among ties; higher margin among remaining ties,2025-09-25T20:25:03.073515+00:00,"Guest F9UPVFDk receives Value Deal at 5 percent discount. Incremental value is projected positive with EIM 0.89, driven by modeled uplift and expected ticket. Top drivers unavailable for this row. Offer passes margin floor and discount cap guardrails.",NA
FHy6JhqX,98,Value Deal,0.574706077575684,0.5,0.0747060850262642,28.1599998474121,0.527499973773956,5,0.457000017166138,0,0.65271407365799,Email Channel,snap_20250905,2025-08-22,v1.0,unknown,highest EIM; lower discount among ties; higher margin among remaining ties,2025-09-25T20:25:03.073515+00:00,"Guest FHy6JhqX receives Value Deal at 5 percent discount. Incremental value is projected positive with EIM 0.65, driven by modeled uplift and expected ticket. Top drivers unavailable for this row. Offer passes margin floor and discount cap guardrails.",NA
FJglPMf1,98,Value Deal,0.592384696006775,0.5,0.0923846811056137,31.7549991607666,0.527499973773956,5,0.457000017166138,0,1.09051382541656,Email Channel,snap_20250905,2025-08-22,v1.0,unknown,highest EIM; lower discount among ties; higher margin among remaining ties,2025-09-25T20:25:03.073515+00:00,"Guest FJglPMf1 receives Value Deal at 5 percent discount. Incremental value is projected positive with EIM 1.09, driven by modeled uplift and expected ticket. Top drivers unavailable for this row. Offer passes margin floor and discount cap guardrails.",NA
FMIbOGKp,98,Value Deal,0.599729895591736,0.5,0.0997298955917358,26.7999992370605,0.527499973773956,5,0.457000017166138,0,0.952881455421448,Email Channel,snap_20250905,2025-08-22,v1.0,unknown,highest EIM; lower discount among ties; higher margin among remaining ties,2025-09-25T20:25:03.073515+00:00,"Guest FMIbOGKp receives Value Deal at 5 percent discount. Incremental value is projected positive with EIM 0.95, driven by modeled uplift and expected ticket. Top drivers unavailable for this row. Offer passes margin floor and discount cap guardrails.",NA
HrNMSiA1,58,BOGO,0.663411557674408,0.5,0.163411542773247,41.9133338928223,0.586899995803833,15,0.832500040531158,0,3.18724966049194,Email Channel,snap_20250905,2025-08-22,v1.0,unknown,highest EIM; lower discount among ties; higher margin among remaining ties,2025-09-25T20:25:03.073515+00:00,"Guest HrNMSiA1 receives BOGO at 15 percent discount. Incremental value is projected positive with EIM 3.19, driven by modeled uplift and expected ticket. Top drivers unavailable for this row. Offer passes margin floor and discount cap guardrails.",NA
HtAd32ji,98,Value Deal,0.548466384410858,0.5,0.0484663806855679,46.9000015258789,0.527499973773956,5,0.457000017166138,0,0.742046177387238,Email Channel,snap_20250905,2025-08-22,v1.0,unknown,highest EIM; lower discount among ties; higher margin among remaining ties,2025-09-25T20:25:03.073515+00:00,"Guest HtAd32ji receives Value Deal at 5 percent discount. Incremental value is projected positive with EIM 0.74, driven by modeled uplift and expected ticket. Top drivers unavailable for this row. Offer passes margin floor and discount cap guardrails.",NA
Izn9B0nF,98,Value Deal,0.60336846113205,0.5,0.103368490934372,17.4699993133545,0.527499973773956,5,0.457000017166138,0,0.495584547519684,Email Channel,snap_20250905,2025-08-22,v1.0,unknown,highest EIM; lower discount among ties; higher margin among remaining ties,2025-09-25T20:25:03.073515+00:00,"Guest Izn9B0nF receives Value Deal at 5 percent discount. Incremental value is projected positive with EIM 0.50, driven by modeled uplift and expected ticket. Top drivers unavailable for this row. Offer passes margin floor and discount cap guardrails.",NA
JTBJahe8,58,BOGO,0.665340006351471,0.5,0.16533999145031,46.2200012207031,0.586899995803833,15,0.832500040531158,0,3.6525981426239,Email Channel,snap_20250905,2025-08-22,v1.0,unknown,highest EIM; lower discount among ties; higher margin among remaining ties,2025-09-25T20:25:03.073515+00:00,"Guest JTBJahe8 receives BOGO at 15 percent discount. Incremental value is projected positive with EIM 3.65, driven by modeled uplift and expected ticket. Top drivers unavailable for this row. Offer passes margin floor and discount cap guardrails.",NA
KAlQQfHx,98,Value Deal,0.606709361076355,0.5,0.106709346175194,35.8199996948242,0.527499973773956,5,0.457000017166138,0,1.55927836894989,Email Channel,snap_20250905,2025-08-22,v1.0,unknown,highest EIM; lower discount among ties; higher margin among remaining ties,2025-09-25T20:25:03.073515+00:00,"Guest KAlQQfHx receives Value Deal at 5 percent discount. Incremental value is projected positive with EIM 1.56, driven by modeled uplift and expected ticket. Top drivers unavailable for this row. Offer passes margin floor and discount cap guardrails.",NA
LJjBictx,51,Family Meal,0.522491276264191,0.5,0.0224912520498037,31.3899993896484,0.377599984407425,5,0.199000000953674,0,0.0675857290625572,Email Channel,snap_20250905,2025-08-22,v1.0,unknown,highest EIM; lower discount among ties; higher margin among remaining ties,2025-09-25T20:25:03.073515+00:00,"Guest LJjBictx receives Family Meal at 5 percent discount. Incremental value is projected positive with EIM 0.07, driven by modeled uplift and expected ticket. Top drivers unavailable for this row. Offer passes margin floor and discount cap guardrails.",NA
La3X2UfU,98,Value Deal,0.593581855297089,0.5,0.0935818701982498,23.1000003814697,0.527499973773956,5,0.457000017166138,0,0.683318495750427,Email Channel,snap_20250905,2025-08-22,v1.0,unknown,highest EIM; lower discount among ties; higher margin among remaining ties,2025-09-25T20:25:03.073515+00:00,"Guest La3X2UfU receives Value Deal at 5 percent discount. Incremental value is projected positive with EIM 0.68, driven by modeled uplift and expected ticket. Top drivers unavailable for this row. Offer passes margin floor and discount cap guardrails.",NA
LfRiuhpt,98,Value Deal,0.615146577358246,0.5,0.115146562457085,20.3999996185303,0.527499973773956,5,0.457000017166138,0,0.782092154026031,Email Channel,snap_20250905,2025-08-22,v1.0,unknown,highest EIM; lower discount among ties; higher margin among remaining ties,2025-09-25T20:25:03.073515+00:00,"Guest LfRiuhpt receives Value Deal at 5 percent discount. Incremental value is projected positive with EIM 0.78, driven by modeled uplift and expected ticket. Top drivers unavailable for this row. Offer passes margin floor and discount cap guardrails.",NA
NIb6zLKQ,98,Value Deal,0.719927787780762,0.5,0.219927817583084,28.2800006866455,0.527499973773956,5,0.457000017166138,0,2.82381701469421,Email Channel,snap_20250905,2025-08-22,v1.0,unknown,highest EIM; lower discount among ties; higher margin among remaining ties,2025-09-25T20:25:03.073515+00:00,"Guest NIb6zLKQ receives Value Deal at 5 percent discount. Incremental value is projected positive with EIM 2.82, driven by modeled uplift and expected ticket. Top drivers unavailable for this row. Offer passes margin floor and discount cap guardrails.",NA
NTsRw6Ri,58,BOGO,0.740224242210388,0.5,0.240224272012711,32.0800018310547,0.586899995803833,15,0.832500040531158,0,3.69038271903992,Email Channel,snap_20250905,2025-08-22,v1.0,unknown,highest EIM; lower discount among ties; higher margin among remaining ties,2025-09-25T20:25:03.073515+00:00,"Guest NTsRw6Ri receives BOGO at 15 percent discount. Incremental value is projected positive with EIM 3.69, driven by modeled uplift and expected ticket. Top drivers unavailable for this row. Offer passes margin floor and discount cap guardrails.",NA
OaSkfF2B,98,Value Deal,0.693302154541016,0.5,0.193302139639854,26.1599998474121,0.527499973773956,5,0.457000017166138,0,2.21045351028442,Email Channel,snap_20250905,2025-08-22,v1.0,unknown,highest EIM; lower discount among ties; higher margin among remaining ties,2025-09-25T20:25:03.073515+00:00,"Guest OaSkfF2B receives Value Deal at 5 percent discount. Incremental value is projected positive with EIM 2.21, driven by modeled uplift and expected ticket. Top drivers unavailable for this row. Offer passes margin floor and discount cap guardrails.",NA
Q3VZprkY,58,BOGO,0.662672281265259,0.5,0.162672281265259,46.939998626709,0.586899995803833,15,0.832500040531158,0,3.64897274971008,Email Channel,snap_20250905,2025-08-22,v1.0,unknown,highest EIM; lower discount among ties; higher margin among remaining ties,2025-09-25T20:25:03.073515+00:00,"Guest Q3VZprkY receives BOGO at 15 percent discount. Incremental value is projected positive with EIM 3.65, driven by modeled uplift and expected ticket. Top drivers unavailable for this row. Offer passes margin floor and discount cap guardrails.",NA
SHBo8ZEY,51,Family Meal,0.535447061061859,0.5,0.0354470610618591,27.6800003051758,0.377599984407425,5,0.199000000953674,0,0.171491518616676,Email Channel,snap_20250905,2025-08-22,v1.0,unknown,highest EIM; lower discount among ties; higher margin among remaining ties,2025-09-25T20:25:03.073515+00:00,"Guest SHBo8ZEY receives Family Meal at 5 percent discount. Incremental value is projected positive with EIM 0.17, driven by modeled uplift and expected ticket. Top drivers unavailable for this row. Offer passes margin floor and discount cap guardrails.",NA
SKoCxzDX,51,Family Meal,0.527917325496674,0.5,0.027917331084609,35.5999984741211,0.377599984407425,5,0.199000000953674,0,0.176280379295349,Email Channel,snap_20250905,2025-08-22,v1.0,unknown,highest EIM; lower discount among ties; higher margin among remaining ties,2025-09-25T20:25:03.073515+00:00,"Guest SKoCxzDX receives Family Meal at 5 percent discount. Incremental value is projected positive with EIM 0.18, driven by modeled uplift and expected ticket. Top drivers unavailable for this row. Offer passes margin floor and discount cap guardrails.",NA
TLFf5GCZ,98,Value Deal,0.580013394355774,0.5,0.0800133943557739,39.0900001525879,0.527499973773956,5,0.457000017166138,0,1.19287419319153,Email Channel,snap_20250905,2025-08-22,v1.0,unknown,highest EIM; lower discount among ties; higher margin among remaining ties,2025-09-25T20:25:03.073515+00:00,"Guest TLFf5GCZ receives Value Deal at 5 percent discount. Incremental value is projected positive with EIM 1.19, driven by modeled uplift and expected ticket. Top drivers unavailable for this row. Offer passes margin floor and discount cap guardrails.",NA
U27c66lA,51,Family Meal,0.564617455005646,0.5,0.0646174773573875,21.9599990844727,0.377599984407425,5,0.199000000953674,0,0.336814284324646,Email Channel,snap_20250905,2025-08-22,v1.0,unknown,highest EIM; lower discount among ties; higher margin among remaining ties,2025-09-25T20:25:03.073515+00:00,"Guest U27c66lA receives Family Meal at 5 percent discount. Incremental value is projected positive with EIM 0.34, driven by modeled uplift and expected ticket. Top drivers unavailable for this row. Offer passes margin floor and discount cap guardrails.",NA
UAk4AF4y,51,Family Meal,0.580756485462189,0.5,0.0807564556598663,11.8299999237061,0.377599984407425,5,0.199000000953674,0,0.161739736795425,Email Channel,snap_20250905,2025-08-22,v1.0,unknown,highest EIM; lower discount among ties; higher margin among remaining ties,2025-09-25T20:25:03.073515+00:00,"Guest UAk4AF4y receives Family Meal at 5 percent discount. Incremental value is projected positive with EIM 0.16, driven by modeled uplift and expected ticket. Top drivers unavailable for this row. Offer passes margin floor and discount cap guardrails.",NA
Uo1aWbtD,51,Family Meal,0.523377597332001,0.5,0.0233776047825813,38.189998626709,0.377599984407425,5,0.199000000953674,0,0.138117775321007,Email Channel,snap_20250905,2025-08-22,v1.0,unknown,highest EIM; lower discount among ties; higher margin among remaining ties,2025-09-25T20:25:03.073515+00:00,"Guest Uo1aWbtD receives Family Meal at 5 percent discount. Incremental value is projected positive with EIM 0.14, driven by modeled uplift and expected ticket. Top drivers unavailable for this row. Offer passes margin floor and discount cap guardrails.",NA
Uy7zNPHs,51,Family Meal,0.639999270439148,0.5,0.13999930024147,10.6599998474121,0.377599984407425,5,0.199000000953674,0,0.364527374505997,Email Channel,snap_20250905,2025-08-22,v1.0,unknown,highest EIM; lower discount among ties; higher margin among remaining ties,2025-09-25T20:25:03.073515+00:00,"Guest Uy7zNPHs receives Family Meal at 5 percent discount. Incremental value is projected positive with EIM 0.36, driven by modeled uplift and expected ticket. Top drivers unavailable for this row. Offer passes margin floor and discount cap guardrails.",NA
VzYZ2Is9,98,Value Deal,0.659087181091309,0.5,0.159087181091309,17.4200000762939,0.527499973773956,5,0.457000017166138,0,1.0048600435257,Email Channel,snap_20250905,2025-08-22,v1.0,unknown,highest EIM; lower discount among ties; higher margin among remaining ties,2025-09-25T20:25:03.073515+00:00,"Guest VzYZ2Is9 receives Value Deal at 5 percent discount. Incremental value is projected positive with EIM 1.00, driven by modeled uplift and expected ticket. Top drivers unavailable for this row. Offer passes margin floor and discount cap guardrails.",NA
WPel8XOF,51,Family Meal,0.542530417442322,0.5,0.0425304472446442,34.7000007629395,0.377599984407425,5,0.199000000953674,0,0.35826450586319,Email Channel,snap_20250905,2025-08-22,v1.0,unknown,highest EIM; lower discount among ties; higher margin among remaining ties,2025-09-25T20:25:03.073515+00:00,"Guest WPel8XOF receives Family Meal at 5 percent discount. Incremental value is projected positive with EIM 0.36, driven by modeled uplift and expected ticket. Top drivers unavailable for this row. Offer passes margin floor and discount cap guardrails.",NA
WWlEHPC6,98,Value Deal,0.660388231277466,0.5,0.160388261079788,35.9766654968262,0.527499973773956,5,0.457000017166138,0,2.58679890632629,Email Channel,snap_20250905,2025-08-22,v1.0,unknown,highest EIM; lower discount among ties; higher margin among remaining ties,2025-09-25T20:25:03.073515+00:00,"Guest WWlEHPC6 receives Value Deal at 5 percent discount. Incremental value is projected positive with EIM 2.59, driven by modeled uplift and expected ticket. Top drivers unavailable for this row. Offer passes margin floor and discount cap guardrails.",NA
WaAi1Ooe,98,Value Deal,0.648103296756744,0.5,0.148103296756744,36.3300018310547,0.527499973773956,5,0.457000017166138,0,2.38126254081726,Email Channel,snap_20250905,2025-08-22,v1.0,unknown,highest EIM; lower discount among ties; higher margin among remaining ties,2025-09-25T20:25:03.073515+00:00,"Guest WaAi1Ooe receives Value Deal at 5 percent discount. Incremental value is projected positive with EIM 2.38, driven by modeled uplift and expected ticket. Top drivers unavailable for this row. Offer passes margin floor and discount cap guardrails.",NA
XlNQGqkU,98,Value Deal,0.568199813365936,0.5,0.0681998208165169,27.4799995422363,0.527499973773956,5,0.457000017166138,0,0.531604170799255,Email Channel,snap_20250905,2025-08-22,v1.0,unknown,highest EIM; lower discount among ties; higher margin among remaining ties,2025-09-25T20:25:03.073515+00:00,"Guest XlNQGqkU receives Value Deal at 5 percent discount. Incremental value is projected positive with EIM 0.53, driven by modeled uplift and expected ticket. Top drivers unavailable for this row. Offer passes margin floor and discount cap guardrails.",NA
Xo62fsM4,98,Value Deal,0.600419402122498,0.5,0.100419417023659,36.8800010681152,0.527499973773956,5,0.457000017166138,0,1.49657952785492,Email Channel,snap_20250905,2025-08-22,v1.0,unknown,highest EIM; lower discount among ties; higher margin among remaining ties,2025-09-25T20:25:03.073515+00:00,"Guest Xo62fsM4 receives Value Deal at 5 percent discount. Incremental value is projected positive with EIM 1.50, driven by modeled uplift and expected ticket. Top drivers unavailable for this row. Offer passes margin floor and discount cap guardrails.",NA
XywLZV6W,98,Value Deal,0.621393203735352,0.5,0.121393211185932,29.7299995422363,0.527499973773956,5,0.457000017166138,0,1.44675815105438,Email Channel,snap_20250905,2025-08-22,v1.0,unknown,highest EIM; lower discount among ties; higher margin among remaining ties,2025-09-25T20:25:03.073515+00:00,"Guest XywLZV6W receives Value Deal at 5 percent discount. Incremental value is projected positive with EIM 1.45, driven by modeled uplift and expected ticket. Top drivers unavailable for this row. Offer passes margin floor and discount cap guardrails.",NA
Y4XfzGVr,51,Family Meal,0.528258442878723,0.5,0.0282584149390459,30.7600002288818,0.377599984407425,5,0.199000000953674,0,0.12922078371048,Email Channel,snap_20250905,2025-08-22,v1.0,unknown,highest EIM; lower discount among ties; higher margin among remaining ties,2025-09-25T20:25:03.073515+00:00,"Guest Y4XfzGVr receives Family Meal at 5 percent discount. Incremental value is projected positive with EIM 0.13, driven by modeled uplift and expected ticket. Top drivers unavailable for this row. Offer passes margin floor and discount cap guardrails.",NA
Y59YVkQf,98,Value Deal,0.666033029556274,0.5,0.166033014655113,31.3700008392334,0.527499973773956,5,0.457000017166138,0,2.29046034812927,Email Channel,snap_20250905,2025-08-22,v1.0,unknown,highest EIM; lower discount among ties; higher margin among remaining ties,2025-09-25T20:25:03.073515+00:00,"Guest Y59YVkQf receives Value Deal at 5 percent discount. Incremental value is projected positive with EIM 2.29, driven by modeled uplift and expected ticket. Top drivers unavailable for this row. Offer passes margin floor and discount cap guardrails.",NA
YgFmMmXq,98,Value Deal,0.553160309791565,0.5,0.0531603284180164,38.8300018310547,0.527499973773956,5,0.457000017166138,0,0.631873667240143,Email Channel,snap_20250905,2025-08-22,v1.0,unknown,highest EIM; lower discount among ties; higher margin among remaining ties,2025-09-25T20:25:03.073515+00:00,"Guest YgFmMmXq receives Value Deal at 5 percent discount. Incremental value is projected positive with EIM 0.63, driven by modeled uplift and expected ticket. Top drivers unavailable for this row. Offer passes margin floor and discount cap guardrails.",NA
Ys3I4w4A,58,BOGO,0.668108701705933,0.5,0.168108731508255,45.8849983215332,0.586899995803833,15,0.832500040531158,0,3.69465231895447,Email Channel,snap_20250905,2025-08-22,v1.0,unknown,highest EIM; lower discount among ties; higher margin among remaining ties,2025-09-25T20:25:03.073515+00:00,"Guest Ys3I4w4A receives BOGO at 15 percent discount. Incremental value is projected positive with EIM 3.69, driven by modeled uplift and expected ticket. Top drivers unavailable for this row. Offer passes margin floor and discount cap guardrails.",NA
YxyE6D4c,51,Family Meal,0.543460249900818,0.5,0.043460238724947,28.1499996185303,0.377599984407425,5,0.199000000953674,0,0.262957960367203,Email Channel,snap_20250905,2025-08-22,v1.0,unknown,highest EIM; lower discount among ties; higher margin among remaining ties,2025-09-25T20:25:03.073515+00:00,"Guest YxyE6D4c receives Family Meal at 5 percent discount. Incremental value is projected positive with EIM 0.26, driven by modeled uplift and expected ticket. Top drivers unavailable for this row. Offer passes margin floor and discount cap guardrails.",NA
ZhvkUDPq,51,Family Meal,0.531249821186066,0.5,0.0312498472630978,35.7099990844727,0.377599984407425,5,0.199000000953674,0,0.222375929355621,Email Channel,snap_20250905,2025-08-22,v1.0,unknown,highest EIM; lower discount among ties; higher margin among remaining ties,2025-09-25T20:25:03.073515+00:00,"Guest ZhvkUDPq receives Family Meal at 5 percent discount. Incremental value is projected positive with EIM 0.22, driven by modeled uplift and expected ticket. Top drivers unavailable for this row. Offer passes margin floor and discount cap guardrails.",NA
aTnnrWTZ,98,Value Deal,0.628739237785339,0.5,0.128739222884178,36.25,0.527499973773956,5,0.457000017166138,0,2.00473546981812,Email Channel,snap_20250905,2025-08-22,v1.0,unknown,highest EIM; lower discount among ties; higher margin among remaining ties,2025-09-25T20:25:03.073515+00:00,"Guest aTnnrWTZ receives Value Deal at 5 percent discount. Incremental value is projected positive with EIM 2.00, driven by modeled uplift and expected ticket. Top drivers unavailable for this row. Offer passes margin floor and discount cap guardrails.",NA
bxtl8nv8,58,BOGO,0.670427978038788,0.5,0.170427978038788,51.7099990844727,0.586899995803833,15,0.832500040531158,0,4.33975028991699,Email Channel,snap_20250905,2025-08-22,v1.0,unknown,highest EIM; lower discount among ties; higher margin among remaining ties,2025-09-25T20:25:03.073515+00:00,"Guest bxtl8nv8 receives BOGO at 15 percent discount. Incremental value is projected positive with EIM 4.34, driven by modeled uplift and expected ticket. Top drivers unavailable for this row. Offer passes margin floor and discount cap guardrails.",NA
csmcYm4c,51,Family Meal,0.536022961139679,0.5,0.0360229834914207,31.0266666412354,0.377599984407425,5,0.199000000953674,0,0.223033338785172,Email Channel,snap_20250905,2025-08-22,v1.0,unknown,highest EIM; lower discount among ties; higher margin among remaining ties,2025-09-25T20:25:03.073515+00:00,"Guest csmcYm4c receives Family Meal at 5 percent discount. Incremental value is projected positive with EIM 0.22, driven by modeled uplift and expected ticket. Top drivers unavailable for this row. Offer passes margin floor and discount cap guardrails.",NA
d2W7JDPJ,98,Value Deal,0.604691684246063,0.5,0.104691669344902,23.2900009155273,0.527499973773956,5,0.457000017166138,0,0.829186856746674,Email Channel,snap_20250905,2025-08-22,v1.0,unknown,highest EIM; lower discount among ties; higher margin among remaining ties,2025-09-25T20:25:03.073515+00:00,"Guest d2W7JDPJ receives Value Deal at 5 percent discount. Incremental value is projected positive with EIM 0.83, driven by modeled uplift and expected ticket. Top drivers unavailable for this row. Offer passes margin floor and discount cap guardrails.",NA
dJ7B1LE7,98,Value Deal,0.621158063411713,0.5,0.121158048510551,35.6199989318848,0.527499973773956,5,0.457000017166138,0,1.81950521469116,Email Channel,snap_20250905,2025-08-22,v1.0,unknown,highest EIM; lower discount among ties; higher margin among remaining ties,2025-09-25T20:25:03.073515+00:00,"Guest dJ7B1LE7 receives Value Deal at 5 percent discount. Incremental value is projected positive with EIM 1.82, driven by modeled uplift and expected ticket. Top drivers unavailable for this row. Offer passes margin floor and discount cap guardrails.",NA
dloZHc9z,98,Value Deal,0.605695486068726,0.5,0.105695456266403,42.5099983215332,0.527499973773956,5,0.457000017166138,0,1.91311764717102,Email Channel,snap_20250905,2025-08-22,v1.0,unknown,highest EIM; lower discount among ties; higher margin among remaining ties,2025-09-25T20:25:03.073515+00:00,"Guest dloZHc9z receives Value Deal at 5 percent discount. Incremental value is projected positive with EIM 1.91, driven by modeled uplift and expected ticket. Top drivers unavailable for this row. Offer passes margin floor and discount cap guardrails.",NA
eDA4OKmT,58,BOGO,0.661479353904724,0.5,0.161479368805885,46.4099998474121,0.586899995803833,15,0.832500040531158,0,3.56587982177734,Email Channel,snap_20250905,2025-08-22,v1.0,unknown,highest EIM; lower discount among ties; higher margin among remaining ties,2025-09-25T20:25:03.073515+00:00,"Guest eDA4OKmT receives BOGO at 15 percent discount. Incremental value is projected positive with EIM 3.57, driven by modeled uplift and expected ticket. Top drivers unavailable for this row. Offer passes margin floor and discount cap guardrails.",NA
eJ85fvMN,51,Family Meal,0.546009361743927,0.5,0.0460093803703785,33.0800018310547,0.377599984407425,5,0.199000000953674,0,0.375703543424606,Email Channel,snap_20250905,2025-08-22,v1.0,unknown,highest EIM; lower discount among ties; higher margin among remaining ties,2025-09-25T20:25:03.073515+00:00,"Guest eJ85fvMN receives Family Meal at 5 percent discount. Incremental value is projected positive with EIM 0.38, driven by modeled uplift and expected ticket. Top drivers unavailable for this row. Offer passes margin floor and discount cap guardrails.",NA
eYTuHo9l,98,Value Deal,0.570035755634308,0.5,0.0700357630848885,34.75,0.527499973773956,5,0.457000017166138,0,0.826799213886261,Email Channel,snap_20250905,2025-08-22,v1.0,unknown,highest EIM; lower discount among ties; higher margin among remaining ties,2025-09-25T20:25:03.073515+00:00,"Guest eYTuHo9l receives Value Deal at 5 percent discount. Incremental value is projected positive with EIM 0.83, driven by modeled uplift and expected ticket. Top drivers unavailable for this row. Offer passes margin floor and discount cap guardrails.",NA
esQeqgmU,98,Value Deal,0.689889848232269,0.5,0.189889833331108,13.7799997329712,0.527499973773956,5,0.457000017166138,0,0.923299670219421,Email Channel,snap_20250905,2025-08-22,v1.0,unknown,highest EIM; lower discount among ties; higher margin among remaining ties,2025-09-25T20:25:03.073515+00:00,"Guest esQeqgmU receives Value Deal at 5 percent discount. Incremental value is projected positive with EIM 0.92, driven by modeled uplift and expected ticket. Top drivers unavailable for this row. Offer passes margin floor and discount cap guardrails.",NA
fo16hD8h,51,Family Meal,0.538776278495789,0.5,0.0387762635946274,18.1100006103516,0.377599984407425,5,0.199000000953674,0,0.0661651119589806,Email Channel,snap_20250905,2025-08-22,v1.0,unknown,highest EIM; lower discount among ties; higher margin among remaining ties,2025-09-25T20:25:03.073515+00:00,"Guest fo16hD8h receives Family Meal at 5 percent discount. Incremental value is projected positive with EIM 0.07, driven by modeled uplift and expected ticket. Top drivers unavailable for this row. Offer passes margin floor and discount cap guardrails.",NA
gMcCMRT3,98,Value Deal,0.569014072418213,0.5,0.0690140575170517,31.9099998474121,0.527499973773956,5,0.457000017166138,0,0.704680800437927,Email Channel,snap_20250905,2025-08-22,v1.0,unknown,highest EIM; lower discount among ties; higher margin among remaining ties,2025-09-25T20:25:03.073515+00:00,"Guest gMcCMRT3 receives Value Deal at 5 percent discount. Incremental value is projected positive with EIM 0.70, driven by modeled uplift and expected ticket. Top drivers unavailable for this row. Offer passes margin floor and discount cap guardrails.",NA
gV1PWpt3,51,Family Meal,0.530488193035126,0.5,0.0304882228374481,30.1000003814697,0.377599984407425,5,0.199000000953674,0,0.147521808743477,Email Channel,snap_20250905,2025-08-22,v1.0,unknown,highest EIM; lower discount among ties; higher margin among remaining ties,2025-09-25T20:25:03.073515+00:00,"Guest gV1PWpt3 receives Family Meal at 5 percent discount. Incremental value is projected positive with EIM 0.15, driven by modeled uplift and expected ticket. Top drivers unavailable for this row. Offer passes margin floor and discount cap guardrails.",NA
hpFOMeH4,58,BOGO,0.70569783449173,0.5,0.20569783449173,46.4500007629395,0.586899995803833,15,0.832500040531158,0,4.77513217926025,Email Channel,snap_20250905,2025-08-22,v1.0,unknown,highest EIM; lower discount among ties; higher margin among remaining ties,2025-09-25T20:25:03.073515+00:00,"Guest hpFOMeH4 receives BOGO at 15 percent discount. Incremental value is projected positive with EIM 4.78, driven by modeled uplift and expected ticket. Top drivers unavailable for this row. Offer passes margin floor and discount cap guardrails.",NA
hrXI0xI0,98,Value Deal,0.592402040958405,0.5,0.0924020707607269,42.3199996948242,0.527499973773956,5,0.457000017166138,0,1.60576522350311,Email Channel,snap_20250905,2025-08-22,v1.0,unknown,highest EIM; lower discount among ties; higher margin among remaining ties,2025-09-25T20:25:03.073515+00:00,"Guest hrXI0xI0 receives Value Deal at 5 percent discount. Incremental value is projected positive with EIM 1.61, driven by modeled uplift and expected ticket. Top drivers unavailable for this row. Offer passes margin floor and discount cap guardrails.",NA
jbcpEN2X,98,Value Deal,0.562790632247925,0.5,0.062790609896183,48.9500007629395,0.527499973773956,5,0.457000017166138,0,1.16432404518127,Email Channel,snap_20250905,2025-08-22,v1.0,unknown,highest EIM; lower discount among ties; higher margin among remaining ties,2025-09-25T20:25:03.073515+00:00,"Guest jbcpEN2X receives Value Deal at 5 percent discount. Incremental value is projected positive with EIM 1.16, driven by modeled uplift and expected ticket. Top drivers unavailable for this row. Offer passes margin floor and discount cap guardrails.",NA
k374rfPx,51,Family Meal,0.522273778915405,0.5,0.0222737994045019,29,0.377599984407425,5,0.199000000953674,0,0.0449070036411285,Email Channel,snap_20250905,2025-08-22,v1.0,unknown,highest EIM; lower discount among ties; higher margin among remaining ties,2025-09-25T20:25:03.073515+00:00,"Guest k374rfPx receives Family Meal at 5 percent discount. Incremental value is projected positive with EIM 0.04, driven by modeled uplift and expected ticket. Top drivers unavailable for this row. Offer passes margin floor and discount cap guardrails.",NA
kvASFsQ8,51,Family Meal,0.550641894340515,0.5,0.0506419241428375,24.7000007629395,0.377599984407425,5,0.199000000953674,0,0.273322999477386,Email Channel,snap_20250905,2025-08-22,v1.0,unknown,highest EIM; lower discount among ties; higher margin among remaining ties,2025-09-25T20:25:03.073515+00:00,"Guest kvASFsQ8 receives Family Meal at 5 percent discount. Incremental value is projected positive with EIM 0.27, driven by modeled uplift and expected ticket. Top drivers unavailable for this row. Offer passes margin floor and discount cap guardrails.",NA
kyayq7YY,98,Value Deal,0.614869832992554,0.5,0.114869832992554,18.3600006103516,0.527499973773956,5,0.457000017166138,0,0.65550285577774,Email Channel,snap_20250905,2025-08-22,v1.0,unknown,highest EIM; lower discount among ties; higher margin among remaining ties,2025-09-25T20:25:03.073515+00:00,"Guest kyayq7YY receives Value Deal at 5 percent discount. Incremental value is projected positive with EIM 0.66, driven by modeled uplift and expected ticket. Top drivers unavailable for this row. Offer passes margin floor and discount cap guardrails.",NA
lFcfdoMo,98,Value Deal,0.590375363826752,0.5,0.0903753712773323,27.6399993896484,0.527499973773956,5,0.457000017166138,0,0.86068195104599,Email Channel,snap_20250905,2025-08-22,v1.0,unknown,highest EIM; lower discount among ties; higher margin among remaining ties,2025-09-25T20:25:03.073515+00:00,"Guest lFcfdoMo receives Value Deal at 5 percent discount. Incremental value is projected positive with EIM 0.86, driven by modeled uplift and expected ticket. Top drivers unavailable for this row. Offer passes margin floor and discount cap guardrails.",NA
lV7vY7AZ,51,Family Meal,0.55672413110733,0.5,0.0567241087555885,29.7800006866455,0.377599984407425,5,0.199000000953674,0,0.438858509063721,Email Channel,snap_20250905,2025-08-22,v1.0,unknown,highest EIM; lower discount among ties; higher margin among remaining ties,2025-09-25T20:25:03.073515+00:00,"Guest lV7vY7AZ receives Family Meal at 5 percent discount. Incremental value is projected positive with EIM 0.44, driven by modeled uplift and expected ticket. Top drivers unavailable for this row. Offer passes margin floor and discount cap guardrails.",NA
lZieTX8D,51,Family Meal,0.530998766422272,0.5,0.0309987384825945,21.7719993591309,0.377599984407425,5,0.199000000953674,0,0.0558439381420612,Email Channel,snap_20250905,2025-08-22,v1.0,unknown,highest EIM; lower discount among ties; higher margin among remaining ties,2025-09-25T20:25:03.073515+00:00,"Guest lZieTX8D receives Family Meal at 5 percent discount. Incremental value is projected positive with EIM 0.06, driven by modeled uplift and expected ticket. Top drivers unavailable for this row. Offer passes margin floor and discount cap guardrails.",NA
nc7d8YzG,98,Value Deal,0.584787428379059,0.5,0.0847874283790588,28.4899997711182,0.527499973773956,5,0.457000017166138,0,0.817225754261017,Email Channel,snap_20250905,2025-08-22,v1.0,unknown,highest EIM; lower discount among ties; higher margin among remaining ties,2025-09-25T20:25:03.073515+00:00,"Guest nc7d8YzG receives Value Deal at 5 percent discount. Incremental value is projected positive with EIM 0.82, driven by modeled uplift and expected ticket. Top drivers unavailable for this row. Offer passes margin floor and discount cap guardrails.",NA
nyADvkxt,51,Family Meal,0.535949110984802,0.5,0.0359491109848022,44.8699989318848,0.377599984407425,5,0.199000000953674,0,0.41008260846138,Email Channel,snap_20250905,2025-08-22,v1.0,unknown,highest EIM; lower discount among ties; higher margin among remaining ties,2025-09-25T20:25:03.073515+00:00,"Guest nyADvkxt receives Family Meal at 5 percent discount. Incremental value is projected positive with EIM 0.41, driven by modeled uplift and expected ticket. Top drivers unavailable for this row. Offer passes margin floor and discount cap guardrails.",NA
o52HAS5x,98,Value Deal,0.572814226150513,0.5,0.0728142410516739,27.4599990844727,0.527499973773956,5,0.457000017166138,0,0.59772515296936,Email Channel,snap_20250905,2025-08-22,v1.0,unknown,highest EIM; lower discount among ties; higher margin among remaining ties,2025-09-25T20:25:03.073515+00:00,"Guest o52HAS5x receives Value Deal at 5 percent discount. Incremental value is projected positive with EIM 0.60, driven by modeled uplift and expected ticket. Top drivers unavailable for this row. Offer passes margin floor and discount cap guardrails.",NA
oCYS8kgn,98,Value Deal,0.580765962600708,0.5,0.0807659775018692,47.6800003051758,0.527499973773956,5,0.457000017166138,0,1.57436120510101,Email Channel,snap_20250905,2025-08-22,v1.0,unknown,highest EIM; lower discount among ties; higher margin among remaining ties,2025-09-25T20:25:03.073515+00:00,"Guest oCYS8kgn receives Value Deal at 5 percent discount. Incremental value is projected positive with EIM 1.57, driven by modeled uplift and expected ticket. Top drivers unavailable for this row. Offer passes margin floor and discount cap guardrails.",NA
oavw1O9Z,98,Value Deal,0.576026141643524,0.5,0.0760261192917824,29.0650005340576,0.527499973773956,5,0.457000017166138,0,0.708616316318512,Email Channel,snap_20250905,2025-08-22,v1.0,unknown,highest EIM; lower discount among ties; higher margin among remaining ties,2025-09-25T20:25:03.073515+00:00,"Guest oavw1O9Z receives Value Deal at 5 percent discount. Incremental value is projected positive with EIM 0.71, driven by modeled uplift and expected ticket. Top drivers unavailable for this row. Offer passes margin floor and discount cap guardrails.",NA
oupA6Uur,51,Family Meal,0.575150191783905,0.5,0.0751501768827438,17.9799995422363,0.377599984407425,5,0.199000000953674,0,0.311213135719299,Email Channel,snap_20250905,2025-08-22,v1.0,unknown,highest EIM; lower discount among ties; higher margin among remaining ties,2025-09-25T20:25:03.073515+00:00,"Guest oupA6Uur receives Family Meal at 5 percent discount. Incremental value is projected positive with EIM 0.31, driven by modeled uplift and expected ticket. Top drivers unavailable for this row. Offer passes margin floor and discount cap guardrails.",NA
pPakfrXz,98,Value Deal,0.614415884017944,0.5,0.114415891468525,48.060001373291,0.527499973773956,5,0.457000017166138,0,2.44363164901733,Email Channel,snap_20250905,2025-08-22,v1.0,unknown,highest EIM; lower discount among ties; higher margin among remaining ties,2025-09-25T20:25:03.073515+00:00,"Guest pPakfrXz receives Value Deal at 5 percent discount. Incremental value is projected positive with EIM 2.44, driven by modeled uplift and expected ticket. Top drivers unavailable for this row. Offer passes margin floor and discount cap guardrails.",NA
pyKwKsSs,98,Value Deal,0.597811579704285,0.5,0.0978115648031235,36.9300003051758,0.527499973773956,5,0.457000017166138,0,1.44842553138733,Email Channel,snap_20250905,2025-08-22,v1.0,unknown,highest EIM; lower discount among ties; higher margin among remaining ties,2025-09-25T20:25:03.073515+00:00,"Guest pyKwKsSs receives Value Deal at 5 percent discount. Incremental value is projected positive with EIM 1.45, driven by modeled uplift and expected ticket. Top drivers unavailable for this row. Offer passes margin floor and discount cap guardrails.",NA
q0aVnLec,98,Value Deal,0.570573687553406,0.5,0.070573665201664,46.7799987792969,0.527499973773956,5,0.457000017166138,0,1.28450739383698,Email Channel,snap_20250905,2025-08-22,v1.0,unknown,highest EIM; lower discount among ties; higher margin among remaining ties,2025-09-25T20:25:03.073515+00:00,"Guest q0aVnLec receives Value Deal at 5 percent discount. Incremental value is projected positive with EIM 1.28, driven by modeled uplift and expected ticket. Top drivers unavailable for this row. Offer passes margin floor and discount cap guardrails.",NA
r5IKQcl7,98,Value Deal,0.570194959640503,0.5,0.0701949298381805,43.0299987792969,0.527499973773956,5,0.457000017166138,0,1.13630735874176,Email Channel,snap_20250905,2025-08-22,v1.0,unknown,highest EIM; lower discount among ties; higher margin among remaining ties,2025-09-25T20:25:03.073515+00:00,"Guest r5IKQcl7 receives Value Deal at 5 percent discount. Incremental value is projected positive with EIM 1.14, driven by modeled uplift and expected ticket. Top drivers unavailable for this row. Offer passes margin floor and discount cap guardrails.",NA
sMnTvnRO,98,Value Deal,0.558456480503082,0.5,0.0584564879536629,33.185001373291,0.527499973773956,5,0.457000017166138,0,0.566285908222198,Email Channel,snap_20250905,2025-08-22,v1.0,unknown,highest EIM; lower discount among ties; higher margin among remaining ties,2025-09-25T20:25:03.073515+00:00,"Guest sMnTvnRO receives Value Deal at 5 percent discount. Incremental value is projected positive with EIM 0.57, driven by modeled uplift and expected ticket. Top drivers unavailable for this row. Offer passes margin floor and discount cap guardrails.",NA
t4GJnPQD,98,Value Deal,0.573430001735687,0.5,0.0734300166368485,39.8699989318848,0.527499973773956,5,0.457000017166138,0,1.08733785152435,Email Channel,snap_20250905,2025-08-22,v1.0,unknown,highest EIM; lower discount among ties; higher margin among remaining ties,2025-09-25T20:25:03.073515+00:00,"Guest t4GJnPQD receives Value Deal at 5 percent discount. Incremental value is projected positive with EIM 1.09, driven by modeled uplift and expected ticket. Top drivers unavailable for this row. Offer passes margin floor and discount cap guardrails.",NA
v0Yttr1F,98,Value Deal,0.604676425457001,0.5,0.104676447808743,39.4566650390625,0.527499973773956,5,0.457000017166138,0,1.72167181968689,Email Channel,snap_20250905,2025-08-22,v1.0,unknown,highest EIM; lower discount among ties; higher margin among remaining ties,2025-09-25T20:25:03.073515+00:00,"Guest v0Yttr1F receives Value Deal at 5 percent discount. Incremental value is projected positive with EIM 1.72, driven by modeled uplift and expected ticket. Top drivers unavailable for this row. Offer passes margin floor and discount cap guardrails.",NA
xhWrKoZB,58,BOGO,0.689578294754028,0.5,0.189578279852867,35.6199989318848,0.586899995803833,15,0.832500040531158,0,3.13070559501648,Email Channel,snap_20250905,2025-08-22,v1.0,unknown,highest EIM; lower discount among ties; higher margin among remaining ties,2025-09-25T20:25:03.073515+00:00,"Guest xhWrKoZB receives BOGO at 15 percent discount. Incremental value is projected positive with EIM 3.13, driven by modeled uplift and expected ticket. Top drivers unavailable for this row. Offer passes margin floor and discount cap guardrails.",NA
zTOAshzb,51,Family Meal,0.564043343067169,0.5,0.0640433356165886,16.1299991607666,0.377599984407425,5,0.199000000953674,0,0.191067948937416,Email Channel,snap_20250905,2025-08-22,v1.0,unknown,highest EIM; lower discount among ties; higher margin among remaining ties,2025-09-25T20:25:03.073515+00:00,"Guest zTOAshzb receives Family Meal at 5 percent discount. Incremental value is projected positive with EIM 0.19, driven by modeled uplift and expected ticket. Top drivers unavailable for this row. Offer passes margin floor and discount cap guardrails.",NA
znD0YmTv,98,Value Deal,0.572078824043274,0.5,0.0720788016915321,29.0499992370605,0.527499973773956,5,0.457000017166138,0,0.647526562213898,Email Channel,snap_20250905,2025-08-22,v1.0,unknown,highest EIM; lower discount among ties; higher margin among remaining ties,2025-09-25T20:25:03.073515+00:00,"Guest znD0YmTv receives Value Deal at 5 percent discount. Incremental value is projected positive with EIM 0.65, driven by modeled uplift and expected ticket. Top drivers unavailable for this row. Offer passes margin floor and discount cap guardrails.",NA
