guest_id,decision_time,offer_name,discount_band,recommended_channel,eim_usd,rationale,risk_flags,send_by,snapshot_id
0T0z7etk,2025-09-25 20:25:03.0735150,Family Meal,5,Email Channel,0.44,"Guest 0T0z7etk receives Family Meal at 5 percent discount. Incremental value is projected positive with EIM 0.44, driven by modeled uplift and expected ticket. Top drivers unavailable for this row. Offer passes margin floor and discount cap guardrails.",ok,2025-09-26 00:25:03.0735150,snap_20250905
0T0z7etk,2025-09-25 20:25:03.0735150,Family Meal,5,Email Channel,0.44,"Guest 0T0z7etk receives Family Meal at 5 percent discount. Incremental value is projected positive with EIM 0.44, driven by modeled uplift and expected ticket. Top drivers unavailable for this row. Offer passes margin floor and discount cap guardrails.",ok,2025-09-26 00:25:03.0735150,snap_20250905
2p17fr4C,2025-09-25 20:25:03.0735150,Value Deal,5,Email Channel,1.69,"Guest 2p17fr4C receives Value Deal at 5 percent discount. Incremental value is projected positive with EIM 1.69, driven by modeled uplift and expected ticket. Top drivers unavailable for this row. Offer passes margin floor and discount cap guardrails.",ok,2025-09-26 00:25:03.0735150,snap_20250905
2p17fr4C,2025-09-25 20:25:03.0735150,Value Deal,5,Email Channel,1.69,"Guest 2p17fr4C receives Value Deal at 5 percent discount. Incremental value is projected positive with EIM 1.69, driven by modeled uplift and expected ticket. Top drivers unavailable for this row. Offer passes margin floor and discount cap guardrails.",ok,2025-09-26 00:25:03.0735150,snap_20250905
2qGFq562,2025-09-25 20:25:03.0735150,Value Deal,5,Email Channel,0.98,"Guest 2qGFq562 receives Value Deal at 5 percent discount. Incremental value is projected positive with EIM 0.98, driven by modeled uplift and expected ticket. Top drivers unavailable for this row. Offer passes margin floor and discount cap guardrails.",ok,2025-09-26 00:25:03.0735150,snap_20250905
2qGFq562,2025-09-25 20:25:03.0735150,Value Deal,5,Email Channel,0.98,"Guest 2qGFq562 receives Value Deal at 5 percent discount. Incremental value is projected positive with EIM 0.98, driven by modeled uplift and expected ticket. Top drivers unavailable for this row. Offer passes margin floor and discount cap guardrails.",ok,2025-09-26 00:25:03.0735150,snap_20250905
3QHtDP9b,2025-09-25 20:25:03.0735150,Value Deal,5,Email Channel,1.03,"Guest 3QHtDP9b receives Value Deal at 5 percent discount. Incremental value is projected positive with EIM 1.03, driven by modeled uplift and expected ticket. Top drivers unavailable for this row. Offer passes margin floor and discount cap guardrails.",ok,2025-09-26 00:25:03.0735150,snap_20250905
3QHtDP9b,2025-09-25 20:25:03.0735150,Value Deal,5,Email Channel,1.03,"Guest 3QHtDP9b receives Value Deal at 5 percent discount. Incremental value is projected positive with EIM 1.03, driven by modeled uplift and expected ticket. Top drivers unavailable for this row. Offer passes margin floor and discount cap guardrails.",ok,2025-09-26 00:25:03.0735150,snap_20250905
41l76c1z,2025-09-25 20:25:03.0735150,Family Meal,5,Email Channel,0.18,"Guest 41l76c1z receives Family Meal at 5 percent discount. Incremental value is projected positive with EIM 0.18, driven by modeled uplift and expected ticket. Top drivers unavailable for this row. Offer passes margin floor and discount cap guardrails.",ok,2025-09-26 00:25:03.0735150,snap_20250905
41l76c1z,2025-09-25 20:25:03.0735150,Family Meal,5,Email Channel,0.18,"Guest 41l76c1z receives Family Meal at 5 percent discount. Incremental value is projected positive with EIM 0.18, driven by modeled uplift and expected ticket. Top drivers unavailable for this row. Offer passes margin floor and discount cap guardrails.",ok,2025-09-26 00:25:03.0735150,snap_20250905
48i2GDrm,2025-09-25 20:25:03.0735150,Value Deal,5,Email Channel,1.04,"Guest 48i2GDrm receives Value Deal at 5 percent discount. Incremental value is projected positive with EIM 1.04, driven by modeled uplift and expected ticket. Top drivers unavailable for this row. Offer passes margin floor and discount cap guardrails.",ok,2025-09-26 00:25:03.0735150,snap_20250905
48i2GDrm,2025-09-25 20:25:03.0735150,Value Deal,5,Email Channel,1.04,"Guest 48i2GDrm receives Value Deal at 5 percent discount. Incremental value is projected positive with EIM 1.04, driven by modeled uplift and expected ticket. Top drivers unavailable for this row. Offer passes margin floor and discount cap guardrails.",ok,2025-09-26 00:25:03.0735150,snap_20250905
4SFhbOMZ,2025-09-25 20:25:03.0735150,Value Deal,5,Email Channel,0.71,"Guest 4SFhbOMZ receives Value Deal at 5 percent discount. Incremental value is projected positive with EIM 0.71, driven by modeled uplift and expected ticket. Top drivers unavailable for this row. Offer passes margin floor and discount cap guardrails.",ok,2025-09-26 00:25:03.0735150,snap_20250905
4SFhbOMZ,2025-09-25 20:25:03.0735150,Value Deal,5,Email Channel,0.71,"Guest 4SFhbOMZ receives Value Deal at 5 percent discount. Incremental value is projected positive with EIM 0.71, driven by modeled uplift and expected ticket. Top drivers unavailable for this row. Offer passes margin floor and discount cap guardrails.",ok,2025-09-26 00:25:03.0735150,snap_20250905
4uG4yAM6,2025-09-25 20:25:03.0735150,BOGO,15,Email Channel,6.09,"Guest 4uG4yAM6 receives BOGO at 15 percent discount. Incremental value is projected positive with EIM 6.09, driven by modeled uplift and expected ticket. Top drivers unavailable for this row. Offer passes margin floor and discount cap guardrails.",ok,2025-09-26 00:25:03.0735150,snap_20250905
4uG4yAM6,2025-09-25 20:25:03.0735150,BOGO,15,Email Channel,6.09,"Guest 4uG4yAM6 receives BOGO at 15 percent discount. Incremental value is projected positive with EIM 6.09, driven by modeled uplift and expected ticket. Top drivers unavailable for this row. Offer passes margin floor and discount cap guardrails.",ok,2025-09-26 00:25:03.0735150,snap_20250905
5ETbB8Pk,2025-09-25 20:25:03.0735150,BOGO,15,Email Channel,4.26,"Guest 5ETbB8Pk receives BOGO at 15 percent discount. Incremental value is projected positive with EIM 4.26, driven by modeled uplift and expected ticket. Top drivers unavailable for this row. Offer passes margin floor and discount cap guardrails.",ok,2025-09-26 00:25:03.0735150,snap_20250905
5ETbB8Pk,2025-09-25 20:25:03.0735150,BOGO,15,Email Channel,4.26,"Guest 5ETbB8Pk receives BOGO at 15 percent discount. Incremental value is projected positive with EIM 4.26, driven by modeled uplift and expected ticket. Top drivers unavailable for this row. Offer passes margin floor and discount cap guardrails.",ok,2025-09-26 00:25:03.0735150,snap_20250905
5KRUhoVG,2025-09-25 20:25:03.0735150,Family Meal,5,Email Channel,0.14,"Guest 5KRUhoVG receives Family Meal at 5 percent discount. Incremental value is projected positive with EIM 0.14, driven by modeled uplift and expected ticket. Top drivers unavailable for this row. Offer passes margin floor and discount cap guardrails.",ok,2025-09-26 00:25:03.0735150,snap_20250905
5KRUhoVG,2025-09-25 20:25:03.0735150,Family Meal,5,Email Channel,0.14,"Guest 5KRUhoVG receives Family Meal at 5 percent discount. Incremental value is projected positive with EIM 0.14, driven by modeled uplift and expected ticket. Top drivers unavailable for this row. Offer passes margin floor and discount cap guardrails.",ok,2025-09-26 00:25:03.0735150,snap_20250905
5QqfPIyl,2025-09-25 20:25:03.0735150,BOGO,15,Email Channel,3.00,"Guest 5QqfPIyl receives BOGO at 15 percent discount. Incremental value is projected positive with EIM 3.00, driven by modeled uplift and expected ticket. Top drivers unavailable for this row. Offer passes margin floor and discount cap guardrails.",ok,2025-09-26 00:25:03.0735150,snap_20250905
5QqfPIyl,2025-09-25 20:25:03.0735150,BOGO,15,Email Channel,3.00,"Guest 5QqfPIyl receives BOGO at 15 percent discount. Incremental value is projected positive with EIM 3.00, driven by modeled uplift and expected ticket. Top drivers unavailable for this row. Offer passes margin floor and discount cap guardrails.",ok,2025-09-26 00:25:03.0735150,snap_20250905
7lH9zMKO,2025-09-25 20:25:03.0735150,Family Meal,5,Email Channel,0.07,"Guest 7lH9zMKO receives Family Meal at 5 percent discount. Incremental value is projected positive with EIM 0.07, driven by modeled uplift and expected ticket. Top drivers unavailable for this row. Offer passes margin floor and discount cap guardrails.",ok,2025-09-26 00:25:03.0735150,snap_20250905
7lH9zMKO,2025-09-25 20:25:03.0735150,Family Meal,5,Email Channel,0.07,"Guest 7lH9zMKO receives Family Meal at 5 percent discount. Incremental value is projected positive with EIM 0.07, driven by modeled uplift and expected ticket. Top drivers unavailable for this row. Offer passes margin floor and discount cap guardrails.",ok,2025-09-26 00:25:03.0735150,snap_20250905
8QwGt2k1,2025-09-25 20:25:03.0735150,Value Deal,5,Email Channel,0.88,"Guest 8QwGt2k1 receives Value Deal at 5 percent discount. Incremental value is projected positive with EIM 0.88, driven by modeled uplift and expected ticket. Top drivers unavailable for this row. Offer passes margin floor and discount cap guardrails.",ok,2025-09-26 00:25:03.0735150,snap_20250905
8QwGt2k1,2025-09-25 20:25:03.0735150,Value Deal,5,Email Channel,0.88,"Guest 8QwGt2k1 receives Value Deal at 5 percent discount. Incremental value is projected positive with EIM 0.88, driven by modeled uplift and expected ticket. Top drivers unavailable for this row. Offer passes margin floor and discount cap guardrails.",ok,2025-09-26 00:25:03.0735150,snap_20250905
8WCl8knZ,2025-09-25 20:25:03.0735150,Value Deal,5,Email Channel,0.81,"Guest 8WCl8knZ receives Value Deal at 5 percent discount. Incremental value is projected positive with EIM 0.81, driven by modeled uplift and expected ticket. Top drivers unavailable for this row. Offer passes margin floor and discount cap guardrails.",ok,2025-09-26 00:25:03.0735150,snap_20250905
8WCl8knZ,2025-09-25 20:25:03.0735150,Value Deal,5,Email Channel,0.81,"Guest 8WCl8knZ receives Value Deal at 5 percent discount. Incremental value is projected positive with EIM 0.81, driven by modeled uplift and expected ticket. Top drivers unavailable for this row. Offer passes margin floor and discount cap guardrails.",ok,2025-09-26 00:25:03.0735150,snap_20250905
8deQOzxG,2025-09-25 20:25:03.0735150,Family Meal,5,Email Channel,0.07,"Guest 8deQOzxG receives Family Meal at 5 percent discount. Incremental value is projected positive with EIM 0.07, driven by modeled uplift and expected ticket. Top drivers unavailable for this row. Offer passes margin floor and discount cap guardrails.",ok,2025-09-26 00:25:03.0735150,snap_20250905
8deQOzxG,2025-09-25 20:25:03.0735150,Family Meal,5,Email Channel,0.07,"Guest 8deQOzxG receives Family Meal at 5 percent discount. Incremental value is projected positive with EIM 0.07, driven by modeled uplift and expected ticket. Top drivers unavailable for this row. Offer passes margin floor and discount cap guardrails.",ok,2025-09-26 00:25:03.0735150,snap_20250905
8wcoWFoe,2025-09-25 20:25:03.0735150,Family Meal,5,Email Channel,0.07,"Guest 8wcoWFoe receives Family Meal at 5 percent discount. Incremental value is projected positive with EIM 0.07, driven by modeled uplift and expected ticket. Top drivers unavailable for this row. Offer passes margin floor and discount cap guardrails.",ok,2025-09-26 00:25:03.0735150,snap_20250905
8wcoWFoe,2025-09-25 20:25:03.0735150,Family Meal,5,Email Channel,0.07,"Guest 8wcoWFoe receives Family Meal at 5 percent discount. Incremental value is projected positive with EIM 0.07, driven by modeled uplift and expected ticket. Top drivers unavailable for this row. Offer passes margin floor and discount cap guardrails.",ok,2025-09-26 00:25:03.0735150,snap_20250905
8woPeX9P,2025-09-25 20:25:03.0735150,Value Deal,5,Email Channel,1.10,"Guest 8woPeX9P receives Value Deal at 5 percent discount. Incremental value is projected positive with EIM 1.10, driven by modeled uplift and expected ticket. Top drivers unavailable for this row. Offer passes margin floor and discount cap guardrails.",ok,2025-09-26 00:25:03.0735150,snap_20250905
8woPeX9P,2025-09-25 20:25:03.0735150,Value Deal,5,Email Channel,1.10,"Guest 8woPeX9P receives Value Deal at 5 percent discount. Incremental value is projected positive with EIM 1.10, driven by modeled uplift and expected ticket. Top drivers unavailable for this row. Offer passes margin floor and discount cap guardrails.",ok,2025-09-26 00:25:03.0735150,snap_20250905
8xWjmMGz,2025-09-25 20:25:03.0735150,Value Deal,5,Email Channel,1.13,"Guest 8xWjmMGz receives Value Deal at 5 percent discount. Incremental value is projected positive with EIM 1.13, driven by modeled uplift and expected ticket. Top drivers unavailable for this row. Offer passes margin floor and discount cap guardrails.",ok,2025-09-26 00:25:03.0735150,snap_20250905
8xWjmMGz,2025-09-25 20:25:03.0735150,Value Deal,5,Email Channel,1.13,"Guest 8xWjmMGz receives Value Deal at 5 percent discount. Incremental value is projected positive with EIM 1.13, driven by modeled uplift and expected ticket. Top drivers unavailable for this row. Offer passes margin floor and discount cap guardrails.",ok,2025-09-26 00:25:03.0735150,snap_20250905
9djTrfc6,2025-09-25 20:25:03.0735150,Family Meal,5,Email Channel,0.20,"Guest 9djTrfc6 receives Family Meal at 5 percent discount. Incremental value is projected positive with EIM 0.20, driven by modeled uplift and expected ticket. Top drivers unavailable for this row. Offer passes margin floor and discount cap guardrails.",ok,2025-09-26 00:25:03.0735150,snap_20250905
9djTrfc6,2025-09-25 20:25:03.0735150,Family Meal,5,Email Channel,0.20,"Guest 9djTrfc6 receives Family Meal at 5 percent discount. Incremental value is projected positive with EIM 0.20, driven by modeled uplift and expected ticket. Top drivers unavailable for this row. Offer passes margin floor and discount cap guardrails.",ok,2025-09-26 00:25:03.0735150,snap_20250905
9zDKpSot,2025-09-25 20:25:03.0735150,Value Deal,5,Email Channel,0.53,"Guest 9zDKpSot receives Value Deal at 5 percent discount. Incremental value is projected positive with EIM 0.53, driven by modeled uplift and expected ticket. Top drivers unavailable for this row. Offer passes margin floor and discount cap guardrails.",ok,2025-09-26 00:25:03.0735150,snap_20250905
9zDKpSot,2025-09-25 20:25:03.0735150,Value Deal,5,Email Channel,0.53,"Guest 9zDKpSot receives Value Deal at 5 percent discount. Incremental value is projected positive with EIM 0.53, driven by modeled uplift and expected ticket. Top drivers unavailable for this row. Offer passes margin floor and discount cap guardrails.",ok,2025-09-26 00:25:03.0735150,snap_20250905
BkSCwCcU,2025-09-25 20:25:03.0735150,Family Meal,5,Email Channel,0.12,"Guest BkSCwCcU receives Family Meal at 5 percent discount. Incremental value is projected positive with EIM 0.12, driven by modeled uplift and expected ticket. Top drivers unavailable for this row. Offer passes margin floor and discount cap guardrails.",ok,2025-09-26 00:25:03.0735150,snap_20250905
BkSCwCcU,2025-09-25 20:25:03.0735150,Family Meal,5,Email Channel,0.12,"Guest BkSCwCcU receives Family Meal at 5 percent discount. Incremental value is projected positive with EIM 0.12, driven by modeled uplift and expected ticket. Top drivers unavailable for this row. Offer passes margin floor and discount cap guardrails.",ok,2025-09-26 00:25:03.0735150,snap_20250905
CWJr0NRN,2025-09-25 20:25:03.0735150,Value Deal,5,Email Channel,1.19,"Guest CWJr0NRN receives Value Deal at 5 percent discount. Incremental value is projected positive with EIM 1.19, driven by modeled uplift and expected ticket. Top drivers unavailable for this row. Offer passes margin floor and discount cap guardrails.",ok,2025-09-26 00:25:03.0735150,snap_20250905
CWJr0NRN,2025-09-25 20:25:03.0735150,Value Deal,5,Email Channel,1.19,"Guest CWJr0NRN receives Value Deal at 5 percent discount. Incremental value is projected positive with EIM 1.19, driven by modeled uplift and expected ticket. Top drivers unavailable for this row. Offer passes margin floor and discount cap guardrails.",ok,2025-09-26 00:25:03.0735150,snap_20250905
EDnvMju3,2025-09-25 20:25:03.0735150,Value Deal,5,Email Channel,2.34,"Guest EDnvMju3 receives Value Deal at 5 percent discount. Incremental value is projected positive with EIM 2.34, driven by modeled uplift and expected ticket. Top drivers unavailable for this row. Offer passes margin floor and discount cap guardrails.",ok,2025-09-26 00:25:03.0735150,snap_20250905
EDnvMju3,2025-09-25 20:25:03.0735150,Value Deal,5,Email Channel,2.34,"Guest EDnvMju3 receives Value Deal at 5 percent discount. Incremental value is projected positive with EIM 2.34, driven by modeled uplift and expected ticket. Top drivers unavailable for this row. Offer passes margin floor and discount cap guardrails.",ok,2025-09-26 00:25:03.0735150,snap_20250905
EGj9dCgZ,2025-09-25 20:25:03.0735150,Value Deal,5,Email Channel,1.11,"Guest EGj9dCgZ receives Value Deal at 5 percent discount. Incremental value is projected positive with EIM 1.11, driven by modeled uplift and expected ticket. Top drivers unavailable for this row. Offer passes margin floor and discount cap guardrails.",ok,2025-09-26 00:25:03.0735150,snap_20250905
EGj9dCgZ,2025-09-25 20:25:03.0735150,Value Deal,5,Email Channel,1.11,"Guest EGj9dCgZ receives Value Deal at 5 percent discount. Incremental value is projected positive with EIM 1.11, driven by modeled uplift and expected ticket. Top drivers unavailable for this row. Offer passes margin floor and discount cap guardrails.",ok,2025-09-26 00:25:03.0735150,snap_20250905
F9UPVFDk,2025-09-25 20:25:03.0735150,Value Deal,5,Email Channel,0.89,"Guest F9UPVFDk receives Value Deal at 5 percent discount. Incremental value is projected positive with EIM 0.89, driven by modeled uplift and expected ticket. Top drivers unavailable for this row. Offer passes margin floor and discount cap guardrails.",ok,2025-09-26 00:25:03.0735150,snap_20250905
F9UPVFDk,2025-09-25 20:25:03.0735150,Value Deal,5,Email Channel,0.89,"Guest F9UPVFDk receives Value Deal at 5 percent discount. Incremental value is projected positive with EIM 0.89, driven by modeled uplift and expected ticket. Top drivers unavailable for this row. Offer passes margin floor and discount cap guardrails.",ok,2025-09-26 00:25:03.0735150,snap_20250905
FHy6JhqX,2025-09-25 20:25:03.0735150,Value Deal,5,Email Channel,0.65,"Guest FHy6JhqX receives Value Deal at 5 percent discount. Incremental value is projected positive with EIM 0.65, driven by modeled uplift and expected ticket. Top drivers unavailable for this row. Offer passes margin floor and discount cap guardrails.",ok,2025-09-26 00:25:03.0735150,snap_20250905
FHy6JhqX,2025-09-25 20:25:03.0735150,Value Deal,5,Email Channel,0.65,"Guest FHy6JhqX receives Value Deal at 5 percent discount. Incremental value is projected positive with EIM 0.65, driven by modeled uplift and expected ticket. Top drivers unavailable for this row. Offer passes margin floor and discount cap guardrails.",ok,2025-09-26 00:25:03.0735150,snap_20250905
FJglPMf1,2025-09-25 20:25:03.0735150,Value Deal,5,Email Channel,1.09,"Guest FJglPMf1 receives Value Deal at 5 percent discount. Incremental value is projected positive with EIM 1.09, driven by modeled uplift and expected ticket. Top drivers unavailable for this row. Offer passes margin floor and discount cap guardrails.",ok,2025-09-26 00:25:03.0735150,snap_20250905
FJglPMf1,2025-09-25 20:25:03.0735150,Value Deal,5,Email Channel,1.09,"Guest FJglPMf1 receives Value Deal at 5 percent discount. Incremental value is projected positive with EIM 1.09, driven by modeled uplift and expected ticket. Top drivers unavailable for this row. Offer passes margin floor and discount cap guardrails.",ok,2025-09-26 00:25:03.0735150,snap_20250905
FMIbOGKp,2025-09-25 20:25:03.0735150,Value Deal,5,Email Channel,0.95,"Guest FMIbOGKp receives Value Deal at 5 percent discount. Incremental value is projected positive with EIM 0.95, driven by modeled uplift and expected ticket. Top drivers unavailable for this row. Offer passes margin floor and discount cap guardrails.",ok,2025-09-26 00:25:03.0735150,snap_20250905
FMIbOGKp,2025-09-25 20:25:03.0735150,Value Deal,5,Email Channel,0.95,"Guest FMIbOGKp receives Value Deal at 5 percent discount. Incremental value is projected positive with EIM 0.95, driven by modeled uplift and expected ticket. Top drivers unavailable for this row. Offer passes margin floor and discount cap guardrails.",ok,2025-09-26 00:25:03.0735150,snap_20250905
HrNMSiA1,2025-09-25 20:25:03.0735150,BOGO,15,Email Channel,3.19,"Guest HrNMSiA1 receives BOGO at 15 percent discount. Incremental value is projected positive with EIM 3.19, driven by modeled uplift and expected ticket. Top drivers unavailable for this row. Offer passes margin floor and discount cap guardrails.",ok,2025-09-26 00:25:03.0735150,snap_20250905
HrNMSiA1,2025-09-25 20:25:03.0735150,BOGO,15,Email Channel,3.19,"Guest HrNMSiA1 receives BOGO at 15 percent discount. Incremental value is projected positive with EIM 3.19, driven by modeled uplift and expected ticket. Top drivers unavailable for this row. Offer passes margin floor and discount cap guardrails.",ok,2025-09-26 00:25:03.0735150,snap_20250905
HtAd32ji,2025-09-25 20:25:03.0735150,Value Deal,5,Email Channel,0.74,"Guest HtAd32ji receives Value Deal at 5 percent discount. Incremental value is projected positive with EIM 0.74, driven by modeled uplift and expected ticket. Top drivers unavailable for this row. Offer passes margin floor and discount cap guardrails.",ok,2025-09-26 00:25:03.0735150,snap_20250905
HtAd32ji,2025-09-25 20:25:03.0735150,Value Deal,5,Email Channel,0.74,"Guest HtAd32ji receives Value Deal at 5 percent discount. Incremental value is projected positive with EIM 0.74, driven by modeled uplift and expected ticket. Top drivers unavailable for this row. Offer passes margin floor and discount cap guardrails.",ok,2025-09-26 00:25:03.0735150,snap_20250905
Izn9B0nF,2025-09-25 20:25:03.0735150,Value Deal,5,Email Channel,0.50,"Guest Izn9B0nF receives Value Deal at 5 percent discount. Incremental value is projected positive with EIM 0.50, driven by modeled uplift and expected ticket. Top drivers unavailable for this row. Offer passes margin floor and discount cap guardrails.",ok,2025-09-26 00:25:03.0735150,snap_20250905
Izn9B0nF,2025-09-25 20:25:03.0735150,Value Deal,5,Email Channel,0.50,"Guest Izn9B0nF receives Value Deal at 5 percent discount. Incremental value is projected positive with EIM 0.50, driven by modeled uplift and expected ticket. Top drivers unavailable for this row. Offer passes margin floor and discount cap guardrails.",ok,2025-09-26 00:25:03.0735150,snap_20250905
JTBJahe8,2025-09-25 20:25:03.0735150,BOGO,15,Email Channel,3.65,"Guest JTBJahe8 receives BOGO at 15 percent discount. Incremental value is projected positive with EIM 3.65, driven by modeled uplift and expected ticket. Top drivers unavailable for this row. Offer passes margin floor and discount cap guardrails.",ok,2025-09-26 00:25:03.0735150,snap_20250905
JTBJahe8,2025-09-25 20:25:03.0735150,BOGO,15,Email Channel,3.65,"Guest JTBJahe8 receives BOGO at 15 percent discount. Incremental value is projected positive with EIM 3.65, driven by modeled uplift and expected ticket. Top drivers unavailable for this row. Offer passes margin floor and discount cap guardrails.",ok,2025-09-26 00:25:03.0735150,snap_20250905
KAlQQfHx,2025-09-25 20:25:03.0735150,Value Deal,5,Email Channel,1.56,"Guest KAlQQfHx receives Value Deal at 5 percent discount. Incremental value is projected positive with EIM 1.56, driven by modeled uplift and expected ticket. Top drivers unavailable for this row. Offer passes margin floor and discount cap guardrails.",ok,2025-09-26 00:25:03.0735150,snap_20250905
KAlQQfHx,2025-09-25 20:25:03.0735150,Value Deal,5,Email Channel,1.56,"Guest KAlQQfHx receives Value Deal at 5 percent discount. Incremental value is projected positive with EIM 1.56, driven by modeled uplift and expected ticket. Top drivers unavailable for this row. Offer passes margin floor and discount cap guardrails.",ok,2025-09-26 00:25:03.0735150,snap_20250905
LJjBictx,2025-09-25 20:25:03.0735150,Family Meal,5,Email Channel,0.07,"Guest LJjBictx receives Family Meal at 5 percent discount. Incremental value is projected positive with EIM 0.07, driven by modeled uplift and expected ticket. Top drivers unavailable for this row. Offer passes margin floor and discount cap guardrails.",ok,2025-09-26 00:25:03.0735150,snap_20250905
LJjBictx,2025-09-25 20:25:03.0735150,Family Meal,5,Email Channel,0.07,"Guest LJjBictx receives Family Meal at 5 percent discount. Incremental value is projected positive with EIM 0.07, driven by modeled uplift and expected ticket. Top drivers unavailable for this row. Offer passes margin floor and discount cap guardrails.",ok,2025-09-26 00:25:03.0735150,snap_20250905
La3X2UfU,2025-09-25 20:25:03.0735150,Value Deal,5,Email Channel,0.68,"Guest La3X2UfU receives Value Deal at 5 percent discount. Incremental value is projected positive with EIM 0.68, driven by modeled uplift and expected ticket. Top drivers unavailable for this row. Offer passes margin floor and discount cap guardrails.",ok,2025-09-26 00:25:03.0735150,snap_20250905
La3X2UfU,2025-09-25 20:25:03.0735150,Value Deal,5,Email Channel,0.68,"Guest La3X2UfU receives Value Deal at 5 percent discount. Incremental value is projected positive with EIM 0.68, driven by modeled uplift and expected ticket. Top drivers unavailable for this row. Offer passes margin floor and discount cap guardrails.",ok,2025-09-26 00:25:03.0735150,snap_20250905
LfRiuhpt,2025-09-25 20:25:03.0735150,Value Deal,5,Email Channel,0.78,"Guest LfRiuhpt receives Value Deal at 5 percent discount. Incremental value is projected positive with EIM 0.78, driven by modeled uplift and expected ticket. Top drivers unavailable for this row. Offer passes margin floor and discount cap guardrails.",ok,2025-09-26 00:25:03.0735150,snap_20250905
LfRiuhpt,2025-09-25 20:25:03.0735150,Value Deal,5,Email Channel,0.78,"Guest LfRiuhpt receives Value Deal at 5 percent discount. Incremental value is projected positive with EIM 0.78, driven by modeled uplift and expected ticket. Top drivers unavailable for this row. Offer passes margin floor and discount cap guardrails.",ok,2025-09-26 00:25:03.0735150,snap_20250905
NIb6zLKQ,2025-09-25 20:25:03.0735150,Value Deal,5,Email Channel,2.82,"Guest NIb6zLKQ receives Value Deal at 5 percent discount. Incremental value is projected positive with EIM 2.82, driven by modeled uplift and expected ticket. Top drivers unavailable for this row. Offer passes margin floor and discount cap guardrails.",ok,2025-09-26 00:25:03.0735150,snap_20250905
NIb6zLKQ,2025-09-25 20:25:03.0735150,Value Deal,5,Email Channel,2.82,"Guest NIb6zLKQ receives Value Deal at 5 percent discount. Incremental value is projected positive with EIM 2.82, driven by modeled uplift and expected ticket. Top drivers unavailable for this row. Offer passes margin floor and discount cap guardrails.",ok,2025-09-26 00:25:03.0735150,snap_20250905
NTsRw6Ri,2025-09-25 20:25:03.0735150,BOGO,15,Email Channel,3.69,"Guest NTsRw6Ri receives BOGO at 15 percent discount. Incremental value is projected positive with EIM 3.69, driven by modeled uplift and expected ticket. Top drivers unavailable for this row. Offer passes margin floor and discount cap guardrails.",ok,2025-09-26 00:25:03.0735150,snap_20250905
NTsRw6Ri,2025-09-25 20:25:03.0735150,BOGO,15,Email Channel,3.69,"Guest NTsRw6Ri receives BOGO at 15 percent discount. Incremental value is projected positive with EIM 3.69, driven by modeled uplift and expected ticket. Top drivers unavailable for this row. Offer passes margin floor and discount cap guardrails.",ok,2025-09-26 00:25:03.0735150,snap_20250905
OaSkfF2B,2025-09-25 20:25:03.0735150,Value Deal,5,Email Channel,2.21,"Guest OaSkfF2B receives Value Deal at 5 percent discount. Incremental value is projected positive with EIM 2.21, driven by modeled uplift and expected ticket. Top drivers unavailable for this row. Offer passes margin floor and discount cap guardrails.",ok,2025-09-26 00:25:03.0735150,snap_20250905
OaSkfF2B,2025-09-25 20:25:03.0735150,Value Deal,5,Email Channel,2.21,"Guest OaSkfF2B receives Value Deal at 5 percent discount. Incremental value is projected positive with EIM 2.21, driven by modeled uplift and expected ticket. Top drivers unavailable for this row. Offer passes margin floor and discount cap guardrails.",ok,2025-09-26 00:25:03.0735150,snap_20250905
Q3VZprkY,2025-09-25 20:25:03.0735150,BOGO,15,Email Channel,3.65,"Guest Q3VZprkY receives BOGO at 15 percent discount. Incremental value is projected positive with EIM 3.65, driven by modeled uplift and expected ticket. Top drivers unavailable for this row. Offer passes margin floor and discount cap guardrails.",ok,2025-09-26 00:25:03.0735150,snap_20250905
Q3VZprkY,2025-09-25 20:25:03.0735150,BOGO,15,Email Channel,3.65,"Guest Q3VZprkY receives BOGO at 15 percent discount. Incremental value is projected positive with EIM 3.65, driven by modeled uplift and expected ticket. Top drivers unavailable for this row. Offer passes margin floor and discount cap guardrails.",ok,2025-09-26 00:25:03.0735150,snap_20250905
SHBo8ZEY,2025-09-25 20:25:03.0735150,Family Meal,5,Email Channel,0.17,"Guest SHBo8ZEY receives Family Meal at 5 percent discount. Incremental value is projected positive with EIM 0.17, driven by modeled uplift and expected ticket. Top drivers unavailable for this row. Offer passes margin floor and discount cap guardrails.",ok,2025-09-26 00:25:03.0735150,snap_20250905
SHBo8ZEY,2025-09-25 20:25:03.0735150,Family Meal,5,Email Channel,0.17,"Guest SHBo8ZEY receives Family Meal at 5 percent discount. Incremental value is projected positive with EIM 0.17, driven by modeled uplift and expected ticket. Top drivers unavailable for this row. Offer passes margin floor and discount cap guardrails.",ok,2025-09-26 00:25:03.0735150,snap_20250905
SKoCxzDX,2025-09-25 20:25:03.0735150,Family Meal,5,Email Channel,0.18,"Guest SKoCxzDX receives Family Meal at 5 percent discount. Incremental value is projected positive with EIM 0.18, driven by modeled uplift and expected ticket. Top drivers unavailable for this row. Offer passes margin floor and discount cap guardrails.",ok,2025-09-26 00:25:03.0735150,snap_20250905
SKoCxzDX,2025-09-25 20:25:03.0735150,Family Meal,5,Email Channel,0.18,"Guest SKoCxzDX receives Family Meal at 5 percent discount. Incremental value is projected positive with EIM 0.18, driven by modeled uplift and expected ticket. Top drivers unavailable for this row. Offer passes margin floor and discount cap guardrails.",ok,2025-09-26 00:25:03.0735150,snap_20250905
TLFf5GCZ,2025-09-25 20:25:03.0735150,Value Deal,5,Email Channel,1.19,"Guest TLFf5GCZ receives Value Deal at 5 percent discount. Incremental value is projected positive with EIM 1.19, driven by modeled uplift and expected ticket. Top drivers unavailable for this row. Offer passes margin floor and discount cap guardrails.",ok,2025-09-26 00:25:03.0735150,snap_20250905
TLFf5GCZ,2025-09-25 20:25:03.0735150,Value Deal,5,Email Channel,1.19,"Guest TLFf5GCZ receives Value Deal at 5 percent discount. Incremental value is projected positive with EIM 1.19, driven by modeled uplift and expected ticket. Top drivers unavailable for this row. Offer passes margin floor and discount cap guardrails.",ok,2025-09-26 00:25:03.0735150,snap_20250905
U27c66lA,2025-09-25 20:25:03.0735150,Family Meal,5,Email Channel,0.34,"Guest U27c66lA receives Family Meal at 5 percent discount. Incremental value is projected positive with EIM 0.34, driven by modeled uplift and expected ticket. Top drivers unavailable for this row. Offer passes margin floor and discount cap guardrails.",ok,2025-09-26 00:25:03.0735150,snap_20250905
U27c66lA,2025-09-25 20:25:03.0735150,Family Meal,5,Email Channel,0.34,"Guest U27c66lA receives Family Meal at 5 percent discount. Incremental value is projected positive with EIM 0.34, driven by modeled uplift and expected ticket. Top drivers unavailable for this row. Offer passes margin floor and discount cap guardrails.",ok,2025-09-26 00:25:03.0735150,snap_20250905
UAk4AF4y,2025-09-25 20:25:03.0735150,Family Meal,5,Email Channel,0.16,"Guest UAk4AF4y receives Family Meal at 5 percent discount. Incremental value is projected positive with EIM 0.16, driven by modeled uplift and expected ticket. Top drivers unavailable for this row. Offer passes margin floor and discount cap guardrails.",ok,2025-09-26 00:25:03.0735150,snap_20250905
UAk4AF4y,2025-09-25 20:25:03.0735150,Family Meal,5,Email Channel,0.16,"Guest UAk4AF4y receives Family Meal at 5 percent discount. Incremental value is projected positive with EIM 0.16, driven by modeled uplift and expected ticket. Top drivers unavailable for this row. Offer passes margin floor and discount cap guardrails.",ok,2025-09-26 00:25:03.0735150,snap_20250905
Uo1aWbtD,2025-09-25 20:25:03.0735150,Family Meal,5,Email Channel,0.14,"Guest Uo1aWbtD receives Family Meal at 5 percent discount. Incremental value is projected positive with EIM 0.14, driven by modeled uplift and expected ticket. Top drivers unavailable for this row. Offer passes margin floor and discount cap guardrails.",ok,2025-09-26 00:25:03.0735150,snap_20250905
Uo1aWbtD,2025-09-25 20:25:03.0735150,Family Meal,5,Email Channel,0.14,"Guest Uo1aWbtD receives Family Meal at 5 percent discount. Incremental value is projected positive with EIM 0.14, driven by modeled uplift and expected ticket. Top drivers unavailable for this row. Offer passes margin floor and discount cap guardrails.",ok,2025-09-26 00:25:03.0735150,snap_20250905
Uy7zNPHs,2025-09-25 20:25:03.0735150,Family Meal,5,Email Channel,0.36,"Guest Uy7zNPHs receives Family Meal at 5 percent discount. Incremental value is projected positive with EIM 0.36, driven by modeled uplift and expected ticket. Top drivers unavailable for this row. Offer passes margin floor and discount cap guardrails.",ok,2025-09-26 00:25:03.0735150,snap_20250905
Uy7zNPHs,2025-09-25 20:25:03.0735150,Family Meal,5,Email Channel,0.36,"Guest Uy7zNPHs receives Family Meal at 5 percent discount. Incremental value is projected positive with EIM 0.36, driven by modeled uplift and expected ticket. Top drivers unavailable for this row. Offer passes margin floor and discount cap guardrails.",ok,2025-09-26 00:25:03.0735150,snap_20250905
VzYZ2Is9,2025-09-25 20:25:03.0735150,Value Deal,5,Email Channel,1.00,"Guest VzYZ2Is9 receives Value Deal at 5 percent discount. Incremental value is projected positive with EIM 1.00, driven by modeled uplift and expected ticket. Top drivers unavailable for this row. Offer passes margin floor and discount cap guardrails.",ok,2025-09-26 00:25:03.0735150,snap_20250905
VzYZ2Is9,2025-09-25 20:25:03.0735150,Value Deal,5,Email Channel,1.00,"Guest VzYZ2Is9 receives Value Deal at 5 percent discount. Incremental value is projected positive with EIM 1.00, driven by modeled uplift and expected ticket. Top drivers unavailable for this row. Offer passes margin floor and discount cap guardrails.",ok,2025-09-26 00:25:03.0735150,snap_20250905
WPel8XOF,2025-09-25 20:25:03.0735150,Family Meal,5,Email Channel,0.36,"Guest WPel8XOF receives Family Meal at 5 percent discount. Incremental value is projected positive with EIM 0.36, driven by modeled uplift and expected ticket. Top drivers unavailable for this row. Offer passes margin floor and discount cap guardrails.",ok,2025-09-26 00:25:03.0735150,snap_20250905
WPel8XOF,2025-09-25 20:25:03.0735150,Family Meal,5,Email Channel,0.36,"Guest WPel8XOF receives Family Meal at 5 percent discount. Incremental value is projected positive with EIM 0.36, driven by modeled uplift and expected ticket. Top drivers unavailable for this row. Offer passes margin floor and discount cap guardrails.",ok,2025-09-26 00:25:03.0735150,snap_20250905
WWlEHPC6,2025-09-25 20:25:03.0735150,Value Deal,5,Email Channel,2.59,"Guest WWlEHPC6 receives Value Deal at 5 percent discount. Incremental value is projected positive with EIM 2.59, driven by modeled uplift and expected ticket. Top drivers unavailable for this row. Offer passes margin floor and discount cap guardrails.",ok,2025-09-26 00:25:03.0735150,snap_20250905
WWlEHPC6,2025-09-25 20:25:03.0735150,Value Deal,5,Email Channel,2.59,"Guest WWlEHPC6 receives Value Deal at 5 percent discount. Incremental value is projected positive with EIM 2.59, driven by modeled uplift and expected ticket. Top drivers unavailable for this row. Offer passes margin floor and discount cap guardrails.",ok,2025-09-26 00:25:03.0735150,snap_20250905
WaAi1Ooe,2025-09-25 20:25:03.0735150,Value Deal,5,Email Channel,2.38,"Guest WaAi1Ooe receives Value Deal at 5 percent discount. Incremental value is projected positive with EIM 2.38, driven by modeled uplift and expected ticket. Top drivers unavailable for this row. Offer passes margin floor and discount cap guardrails.",ok,2025-09-26 00:25:03.0735150,snap_20250905
WaAi1Ooe,2025-09-25 20:25:03.0735150,Value Deal,5,Email Channel,2.38,"Guest WaAi1Ooe receives Value Deal at 5 percent discount. Incremental value is projected positive with EIM 2.38, driven by modeled uplift and expected ticket. Top drivers unavailable for this row. Offer passes margin floor and discount cap guardrails.",ok,2025-09-26 00:25:03.0735150,snap_20250905
XlNQGqkU,2025-09-25 20:25:03.0735150,Value Deal,5,Email Channel,0.53,"Guest XlNQGqkU receives Value Deal at 5 percent discount. Incremental value is projected positive with EIM 0.53, driven by modeled uplift and expected ticket. Top drivers unavailable for this row. Offer passes margin floor and discount cap guardrails.",ok,2025-09-26 00:25:03.0735150,snap_20250905
XlNQGqkU,2025-09-25 20:25:03.0735150,Value Deal,5,Email Channel,0.53,"Guest XlNQGqkU receives Value Deal at 5 percent discount. Incremental value is projected positive with EIM 0.53, driven by modeled uplift and expected ticket. Top drivers unavailable for this row. Offer passes margin floor and discount cap guardrails.",ok,2025-09-26 00:25:03.0735150,snap_20250905
Xo62fsM4,2025-09-25 20:25:03.0735150,Value Deal,5,Email Channel,1.50,"Guest Xo62fsM4 receives Value Deal at 5 percent discount. Incremental value is projected positive with EIM 1.50, driven by modeled uplift and expected ticket. Top drivers unavailable for this row. Offer passes margin floor and discount cap guardrails.",ok,2025-09-26 00:25:03.0735150,snap_20250905
Xo62fsM4,2025-09-25 20:25:03.0735150,Value Deal,5,Email Channel,1.50,"Guest Xo62fsM4 receives Value Deal at 5 percent discount. Incremental value is projected positive with EIM 1.50, driven by modeled uplift and expected ticket. Top drivers unavailable for this row. Offer passes margin floor and discount cap guardrails.",ok,2025-09-26 00:25:03.0735150,snap_20250905
XywLZV6W,2025-09-25 20:25:03.0735150,Value Deal,5,Email Channel,1.45,"Guest XywLZV6W receives Value Deal at 5 percent discount. Incremental value is projected positive with EIM 1.45, driven by modeled uplift and expected ticket. Top drivers unavailable for this row. Offer passes margin floor and discount cap guardrails.",ok,2025-09-26 00:25:03.0735150,snap_20250905
XywLZV6W,2025-09-25 20:25:03.0735150,Value Deal,5,Email Channel,1.45,"Guest XywLZV6W receives Value Deal at 5 percent discount. Incremental value is projected positive with EIM 1.45, driven by modeled uplift and expected ticket. Top drivers unavailable for this row. Offer passes margin floor and discount cap guardrails.",ok,2025-09-26 00:25:03.0735150,snap_20250905
Y4XfzGVr,2025-09-25 20:25:03.0735150,Family Meal,5,Email Channel,0.13,"Guest Y4XfzGVr receives Family Meal at 5 percent discount. Incremental value is projected positive with EIM 0.13, driven by modeled uplift and expected ticket. Top drivers unavailable for this row. Offer passes margin floor and discount cap guardrails.",ok,2025-09-26 00:25:03.0735150,snap_20250905
Y4XfzGVr,2025-09-25 20:25:03.0735150,Family Meal,5,Email Channel,0.13,"Guest Y4XfzGVr receives Family Meal at 5 percent discount. Incremental value is projected positive with EIM 0.13, driven by modeled uplift and expected ticket. Top drivers unavailable for this row. Offer passes margin floor and discount cap guardrails.",ok,2025-09-26 00:25:03.0735150,snap_20250905
Y59YVkQf,2025-09-25 20:25:03.0735150,Value Deal,5,Email Channel,2.29,"Guest Y59YVkQf receives Value Deal at 5 percent discount. Incremental value is projected positive with EIM 2.29, driven by modeled uplift and expected ticket. Top drivers unavailable for this row. Offer passes margin floor and discount cap guardrails.",ok,2025-09-26 00:25:03.0735150,snap_20250905
Y59YVkQf,2025-09-25 20:25:03.0735150,Value Deal,5,Email Channel,2.29,"Guest Y59YVkQf receives Value Deal at 5 percent discount. Incremental value is projected positive with EIM 2.29, driven by modeled uplift and expected ticket. Top drivers unavailable for this row. Offer passes margin floor and discount cap guardrails.",ok,2025-09-26 00:25:03.0735150,snap_20250905
YgFmMmXq,2025-09-25 20:25:03.0735150,Value Deal,5,Email Channel,0.63,"Guest YgFmMmXq receives Value Deal at 5 percent discount. Incremental value is projected positive with EIM 0.63, driven by modeled uplift and expected ticket. Top drivers unavailable for this row. Offer passes margin floor and discount cap guardrails.",ok,2025-09-26 00:25:03.0735150,snap_20250905
YgFmMmXq,2025-09-25 20:25:03.0735150,Value Deal,5,Email Channel,0.63,"Guest YgFmMmXq receives Value Deal at 5 percent discount. Incremental value is projected positive with EIM 0.63, driven by modeled uplift and expected ticket. Top drivers unavailable for this row. Offer passes margin floor and discount cap guardrails.",ok,2025-09-26 00:25:03.0735150,snap_20250905
Ys3I4w4A,2025-09-25 20:25:03.0735150,BOGO,15,Email Channel,3.69,"Guest Ys3I4w4A receives BOGO at 15 percent discount. Incremental value is projected positive with EIM 3.69, driven by modeled uplift and expected ticket. Top drivers unavailable for this row. Offer passes margin floor and discount cap guardrails.",ok,2025-09-26 00:25:03.0735150,snap_20250905
Ys3I4w4A,2025-09-25 20:25:03.0735150,BOGO,15,Email Channel,3.69,"Guest Ys3I4w4A receives BOGO at 15 percent discount. Incremental value is projected positive with EIM 3.69, driven by modeled uplift and expected ticket. Top drivers unavailable for this row. Offer passes margin floor and discount cap guardrails.",ok,2025-09-26 00:25:03.0735150,snap_20250905
YxyE6D4c,2025-09-25 20:25:03.0735150,Family Meal,5,Email Channel,0.26,"Guest YxyE6D4c receives Family Meal at 5 percent discount. Incremental value is projected positive with EIM 0.26, driven by modeled uplift and expected ticket. Top drivers unavailable for this row. Offer passes margin floor and discount cap guardrails.",ok,2025-09-26 00:25:03.0735150,snap_20250905
YxyE6D4c,2025-09-25 20:25:03.0735150,Family Meal,5,Email Channel,0.26,"Guest YxyE6D4c receives Family Meal at 5 percent discount. Incremental value is projected positive with EIM 0.26, driven by modeled uplift and expected ticket. Top drivers unavailable for this row. Offer passes margin floor and discount cap guardrails.",ok,2025-09-26 00:25:03.0735150,snap_20250905
ZhvkUDPq,2025-09-25 20:25:03.0735150,Family Meal,5,Email Channel,0.22,"Guest ZhvkUDPq receives Family Meal at 5 percent discount. Incremental value is projected positive with EIM 0.22, driven by modeled uplift and expected ticket. Top drivers unavailable for this row. Offer passes margin floor and discount cap guardrails.",ok,2025-09-26 00:25:03.0735150,snap_20250905
ZhvkUDPq,2025-09-25 20:25:03.0735150,Family Meal,5,Email Channel,0.22,"Guest ZhvkUDPq receives Family Meal at 5 percent discount. Incremental value is projected positive with EIM 0.22, driven by modeled uplift and expected ticket. Top drivers unavailable for this row. Offer passes margin floor and discount cap guardrails.",ok,2025-09-26 00:25:03.0735150,snap_20250905
aTnnrWTZ,2025-09-25 20:25:03.0735150,Value Deal,5,Email Channel,2.00,"Guest aTnnrWTZ receives Value Deal at 5 percent discount. Incremental value is projected positive with EIM 2.00, driven by modeled uplift and expected ticket. Top drivers unavailable for this row. Offer passes margin floor and discount cap guardrails.",ok,2025-09-26 00:25:03.0735150,snap_20250905
aTnnrWTZ,2025-09-25 20:25:03.0735150,Value Deal,5,Email Channel,2.00,"Guest aTnnrWTZ receives Value Deal at 5 percent discount. Incremental value is projected positive with EIM 2.00, driven by modeled uplift and expected ticket. Top drivers unavailable for this row. Offer passes margin floor and discount cap guardrails.",ok,2025-09-26 00:25:03.0735150,snap_20250905
bxtl8nv8,2025-09-25 20:25:03.0735150,BOGO,15,Email Channel,4.34,"Guest bxtl8nv8 receives BOGO at 15 percent discount. Incremental value is projected positive with EIM 4.34, driven by modeled uplift and expected ticket. Top drivers unavailable for this row. Offer passes margin floor and discount cap guardrails.",ok,2025-09-26 00:25:03.0735150,snap_20250905
bxtl8nv8,2025-09-25 20:25:03.0735150,BOGO,15,Email Channel,4.34,"Guest bxtl8nv8 receives BOGO at 15 percent discount. Incremental value is projected positive with EIM 4.34, driven by modeled uplift and expected ticket. Top drivers unavailable for this row. Offer passes margin floor and discount cap guardrails.",ok,2025-09-26 00:25:03.0735150,snap_20250905
csmcYm4c,2025-09-25 20:25:03.0735150,Family Meal,5,Email Channel,0.22,"Guest csmcYm4c receives Family Meal at 5 percent discount. Incremental value is projected positive with EIM 0.22, driven by modeled uplift and expected ticket. Top drivers unavailable for this row. Offer passes margin floor and discount cap guardrails.",ok,2025-09-26 00:25:03.0735150,snap_20250905
csmcYm4c,2025-09-25 20:25:03.0735150,Family Meal,5,Email Channel,0.22,"Guest csmcYm4c receives Family Meal at 5 percent discount. Incremental value is projected positive with EIM 0.22, driven by modeled uplift and expected ticket. Top drivers unavailable for this row. Offer passes margin floor and discount cap guardrails.",ok,2025-09-26 00:25:03.0735150,snap_20250905
d2W7JDPJ,2025-09-25 20:25:03.0735150,Value Deal,5,Email Channel,0.83,"Guest d2W7JDPJ receives Value Deal at 5 percent discount. Incremental value is projected positive with EIM 0.83, driven by modeled uplift and expected ticket. Top drivers unavailable for this row. Offer passes margin floor and discount cap guardrails.",ok,2025-09-26 00:25:03.0735150,snap_20250905
d2W7JDPJ,2025-09-25 20:25:03.0735150,Value Deal,5,Email Channel,0.83,"Guest d2W7JDPJ receives Value Deal at 5 percent discount. Incremental value is projected positive with EIM 0.83, driven by modeled uplift and expected ticket. Top drivers unavailable for this row. Offer passes margin floor and discount cap guardrails.",ok,2025-09-26 00:25:03.0735150,snap_20250905
dJ7B1LE7,2025-09-25 20:25:03.0735150,Value Deal,5,Email Channel,1.82,"Guest dJ7B1LE7 receives Value Deal at 5 percent discount. Incremental value is projected positive with EIM 1.82, driven by modeled uplift and expected ticket. Top drivers unavailable for this row. Offer passes margin floor and discount cap guardrails.",ok,2025-09-26 00:25:03.0735150,snap_20250905
dJ7B1LE7,2025-09-25 20:25:03.0735150,Value Deal,5,Email Channel,1.82,"Guest dJ7B1LE7 receives Value Deal at 5 percent discount. Incremental value is projected positive with EIM 1.82, driven by modeled uplift and expected ticket. Top drivers unavailable for this row. Offer passes margin floor and discount cap guardrails.",ok,2025-09-26 00:25:03.0735150,snap_20250905
dloZHc9z,2025-09-25 20:25:03.0735150,Value Deal,5,Email Channel,1.91,"Guest dloZHc9z receives Value Deal at 5 percent discount. Incremental value is projected positive with EIM 1.91, driven by modeled uplift and expected ticket. Top drivers unavailable for this row. Offer passes margin floor and discount cap guardrails.",ok,2025-09-26 00:25:03.0735150,snap_20250905
dloZHc9z,2025-09-25 20:25:03.0735150,Value Deal,5,Email Channel,1.91,"Guest dloZHc9z receives Value Deal at 5 percent discount. Incremental value is projected positive with EIM 1.91, driven by modeled uplift and expected ticket. Top drivers unavailable for this row. Offer passes margin floor and discount cap guardrails.",ok,2025-09-26 00:25:03.0735150,snap_20250905
eDA4OKmT,2025-09-25 20:25:03.0735150,BOGO,15,Email Channel,3.57,"Guest eDA4OKmT receives BOGO at 15 percent discount. Incremental value is projected positive with EIM 3.57, driven by modeled uplift and expected ticket. Top drivers unavailable for this row. Offer passes margin floor and discount cap guardrails.",ok,2025-09-26 00:25:03.0735150,snap_20250905
eDA4OKmT,2025-09-25 20:25:03.0735150,BOGO,15,Email Channel,3.57,"Guest eDA4OKmT receives BOGO at 15 percent discount. Incremental value is projected positive with EIM 3.57, driven by modeled uplift and expected ticket. Top drivers unavailable for this row. Offer passes margin floor and discount cap guardrails.",ok,2025-09-26 00:25:03.0735150,snap_20250905
eJ85fvMN,2025-09-25 20:25:03.0735150,Family Meal,5,Email Channel,0.38,"Guest eJ85fvMN receives Family Meal at 5 percent discount. Incremental value is projected positive with EIM 0.38, driven by modeled uplift and expected ticket. Top drivers unavailable for this row. Offer passes margin floor and discount cap guardrails.",ok,2025-09-26 00:25:03.0735150,snap_20250905
eJ85fvMN,2025-09-25 20:25:03.0735150,Family Meal,5,Email Channel,0.38,"Guest eJ85fvMN receives Family Meal at 5 percent discount. Incremental value is projected positive with EIM 0.38, driven by modeled uplift and expected ticket. Top drivers unavailable for this row. Offer passes margin floor and discount cap guardrails.",ok,2025-09-26 00:25:03.0735150,snap_20250905
eYTuHo9l,2025-09-25 20:25:03.0735150,Value Deal,5,Email Channel,0.83,"Guest eYTuHo9l receives Value Deal at 5 percent discount. Incremental value is projected positive with EIM 0.83, driven by modeled uplift and expected ticket. Top drivers unavailable for this row. Offer passes margin floor and discount cap guardrails.",ok,2025-09-26 00:25:03.0735150,snap_20250905
eYTuHo9l,2025-09-25 20:25:03.0735150,Value Deal,5,Email Channel,0.83,"Guest eYTuHo9l receives Value Deal at 5 percent discount. Incremental value is projected positive with EIM 0.83, driven by modeled uplift and expected ticket. Top drivers unavailable for this row. Offer passes margin floor and discount cap guardrails.",ok,2025-09-26 00:25:03.0735150,snap_20250905
esQeqgmU,2025-09-25 20:25:03.0735150,Value Deal,5,Email Channel,0.92,"Guest esQeqgmU receives Value Deal at 5 percent discount. Incremental value is projected positive with EIM 0.92, driven by modeled uplift and expected ticket. Top drivers unavailable for this row. Offer passes margin floor and discount cap guardrails.",ok,2025-09-26 00:25:03.0735150,snap_20250905
esQeqgmU,2025-09-25 20:25:03.0735150,Value Deal,5,Email Channel,0.92,"Guest esQeqgmU receives Value Deal at 5 percent discount. Incremental value is projected positive with EIM 0.92, driven by modeled uplift and expected ticket. Top drivers unavailable for this row. Offer passes margin floor and discount cap guardrails.",ok,2025-09-26 00:25:03.0735150,snap_20250905
fo16hD8h,2025-09-25 20:25:03.0735150,Family Meal,5,Email Channel,0.07,"Guest fo16hD8h receives Family Meal at 5 percent discount. Incremental value is projected positive with EIM 0.07, driven by modeled uplift and expected ticket. Top drivers unavailable for this row. Offer passes margin floor and discount cap guardrails.",ok,2025-09-26 00:25:03.0735150,snap_20250905
fo16hD8h,2025-09-25 20:25:03.0735150,Family Meal,5,Email Channel,0.07,"Guest fo16hD8h receives Family Meal at 5 percent discount. Incremental value is projected positive with EIM 0.07, driven by modeled uplift and expected ticket. Top drivers unavailable for this row. Offer passes margin floor and discount cap guardrails.",ok,2025-09-26 00:25:03.0735150,snap_20250905
gMcCMRT3,2025-09-25 20:25:03.0735150,Value Deal,5,Email Channel,0.70,"Guest gMcCMRT3 receives Value Deal at 5 percent discount. Incremental value is projected positive with EIM 0.70, driven by modeled uplift and expected ticket. Top drivers unavailable for this row. Offer passes margin floor and discount cap guardrails.",ok,2025-09-26 00:25:03.0735150,snap_20250905
gMcCMRT3,2025-09-25 20:25:03.0735150,Value Deal,5,Email Channel,0.70,"Guest gMcCMRT3 receives Value Deal at 5 percent discount. Incremental value is projected positive with EIM 0.70, driven by modeled uplift and expected ticket. Top drivers unavailable for this row. Offer passes margin floor and discount cap guardrails.",ok,2025-09-26 00:25:03.0735150,snap_20250905
gV1PWpt3,2025-09-25 20:25:03.0735150,Family Meal,5,Email Channel,0.15,"Guest gV1PWpt3 receives Family Meal at 5 percent discount. Incremental value is projected positive with EIM 0.15, driven by modeled uplift and expected ticket. Top drivers unavailable for this row. Offer passes margin floor and discount cap guardrails.",ok,2025-09-26 00:25:03.0735150,snap_20250905
gV1PWpt3,2025-09-25 20:25:03.0735150,Family Meal,5,Email Channel,0.15,"Guest gV1PWpt3 receives Family Meal at 5 percent discount. Incremental value is projected positive with EIM 0.15, driven by modeled uplift and expected ticket. Top drivers unavailable for this row. Offer passes margin floor and discount cap guardrails.",ok,2025-09-26 00:25:03.0735150,snap_20250905
hpFOMeH4,2025-09-25 20:25:03.0735150,BOGO,15,Email Channel,4.78,"Guest hpFOMeH4 receives BOGO at 15 percent discount. Incremental value is projected positive with EIM 4.78, driven by modeled uplift and expected ticket. Top drivers unavailable for this row. Offer passes margin floor and discount cap guardrails.",ok,2025-09-26 00:25:03.0735150,snap_20250905
hpFOMeH4,2025-09-25 20:25:03.0735150,BOGO,15,Email Channel,4.78,"Guest hpFOMeH4 receives BOGO at 15 percent discount. Incremental value is projected positive with EIM 4.78, driven by modeled uplift and expected ticket. Top drivers unavailable for this row. Offer passes margin floor and discount cap guardrails.",ok,2025-09-26 00:25:03.0735150,snap_20250905
hrXI0xI0,2025-09-25 20:25:03.0735150,Value Deal,5,Email Channel,1.61,"Guest hrXI0xI0 receives Value Deal at 5 percent discount. Incremental value is projected positive with EIM 1.61, driven by modeled uplift and expected ticket. Top drivers unavailable for this row. Offer passes margin floor and discount cap guardrails.",ok,2025-09-26 00:25:03.0735150,snap_20250905
hrXI0xI0,2025-09-25 20:25:03.0735150,Value Deal,5,Email Channel,1.61,"Guest hrXI0xI0 receives Value Deal at 5 percent discount. Incremental value is projected positive with EIM 1.61, driven by modeled uplift and expected ticket. Top drivers unavailable for this row. Offer passes margin floor and discount cap guardrails.",ok,2025-09-26 00:25:03.0735150,snap_20250905
jbcpEN2X,2025-09-25 20:25:03.0735150,Value Deal,5,Email Channel,1.16,"Guest jbcpEN2X receives Value Deal at 5 percent discount. Incremental value is projected positive with EIM 1.16, driven by modeled uplift and expected ticket. Top drivers unavailable for this row. Offer passes margin floor and discount cap guardrails.",ok,2025-09-26 00:25:03.0735150,snap_20250905
jbcpEN2X,2025-09-25 20:25:03.0735150,Value Deal,5,Email Channel,1.16,"Guest jbcpEN2X receives Value Deal at 5 percent discount. Incremental value is projected positive with EIM 1.16, driven by modeled uplift and expected ticket. Top drivers unavailable for this row. Offer passes margin floor and discount cap guardrails.",ok,2025-09-26 00:25:03.0735150,snap_20250905
k374rfPx,2025-09-25 20:25:03.0735150,Family Meal,5,Email Channel,0.04,"Guest k374rfPx receives Family Meal at 5 percent discount. Incremental value is projected positive with EIM 0.04, driven by modeled uplift and expected ticket. Top drivers unavailable for this row. Offer passes margin floor and discount cap guardrails.",ok,2025-09-26 00:25:03.0735150,snap_20250905
k374rfPx,2025-09-25 20:25:03.0735150,Family Meal,5,Email Channel,0.04,"Guest k374rfPx receives Family Meal at 5 percent discount. Incremental value is projected positive with EIM 0.04, driven by modeled uplift and expected ticket. Top drivers unavailable for this row. Offer passes margin floor and discount cap guardrails.",ok,2025-09-26 00:25:03.0735150,snap_20250905
kvASFsQ8,2025-09-25 20:25:03.0735150,Family Meal,5,Email Channel,0.27,"Guest kvASFsQ8 receives Family Meal at 5 percent discount. Incremental value is projected positive with EIM 0.27, driven by modeled uplift and expected ticket. Top drivers unavailable for this row. Offer passes margin floor and discount cap guardrails.",ok,2025-09-26 00:25:03.0735150,snap_20250905
kvASFsQ8,2025-09-25 20:25:03.0735150,Family Meal,5,Email Channel,0.27,"Guest kvASFsQ8 receives Family Meal at 5 percent discount. Incremental value is projected positive with EIM 0.27, driven by modeled uplift and expected ticket. Top drivers unavailable for this row. Offer passes margin floor and discount cap guardrails.",ok,2025-09-26 00:25:03.0735150,snap_20250905
kyayq7YY,2025-09-25 20:25:03.0735150,Value Deal,5,Email Channel,0.66,"Guest kyayq7YY receives Value Deal at 5 percent discount. Incremental value is projected positive with EIM 0.66, driven by modeled uplift and expected ticket. Top drivers unavailable for this row. Offer passes margin floor and discount cap guardrails.",ok,2025-09-26 00:25:03.0735150,snap_20250905
kyayq7YY,2025-09-25 20:25:03.0735150,Value Deal,5,Email Channel,0.66,"Guest kyayq7YY receives Value Deal at 5 percent discount. Incremental value is projected positive with EIM 0.66, driven by modeled uplift and expected ticket. Top drivers unavailable for this row. Offer passes margin floor and discount cap guardrails.",ok,2025-09-26 00:25:03.0735150,snap_20250905
lFcfdoMo,2025-09-25 20:25:03.0735150,Value Deal,5,Email Channel,0.86,"Guest lFcfdoMo receives Value Deal at 5 percent discount. Incremental value is projected positive with EIM 0.86, driven by modeled uplift and expected ticket. Top drivers unavailable for this row. Offer passes margin floor and discount cap guardrails.",ok,2025-09-26 00:25:03.0735150,snap_20250905
lFcfdoMo,2025-09-25 20:25:03.0735150,Value Deal,5,Email Channel,0.86,"Guest lFcfdoMo receives Value Deal at 5 percent discount. Incremental value is projected positive with EIM 0.86, driven by modeled uplift and expected ticket. Top drivers unavailable for this row. Offer passes margin floor and discount cap guardrails.",ok,2025-09-26 00:25:03.0735150,snap_20250905
lV7vY7AZ,2025-09-25 20:25:03.0735150,Family Meal,5,Email Channel,0.44,"Guest lV7vY7AZ receives Family Meal at 5 percent discount. Incremental value is projected positive with EIM 0.44, driven by modeled uplift and expected ticket. Top drivers unavailable for this row. Offer passes margin floor and discount cap guardrails.",ok,2025-09-26 00:25:03.0735150,snap_20250905
lV7vY7AZ,2025-09-25 20:25:03.0735150,Family Meal,5,Email Channel,0.44,"Guest lV7vY7AZ receives Family Meal at 5 percent discount. Incremental value is projected positive with EIM 0.44, driven by modeled uplift and expected ticket. Top drivers unavailable for this row. Offer passes margin floor and discount cap guardrails.",ok,2025-09-26 00:25:03.0735150,snap_20250905
lZieTX8D,2025-09-25 20:25:03.0735150,Family Meal,5,Email Channel,0.06,"Guest lZieTX8D receives Family Meal at 5 percent discount. Incremental value is projected positive with EIM 0.06, driven by modeled uplift and expected ticket. Top drivers unavailable for this row. Offer passes margin floor and discount cap guardrails.",ok,2025-09-26 00:25:03.0735150,snap_20250905
lZieTX8D,2025-09-25 20:25:03.0735150,Family Meal,5,Email Channel,0.06,"Guest lZieTX8D receives Family Meal at 5 percent discount. Incremental value is projected positive with EIM 0.06, driven by modeled uplift and expected ticket. Top drivers unavailable for this row. Offer passes margin floor and discount cap guardrails.",ok,2025-09-26 00:25:03.0735150,snap_20250905
nc7d8YzG,2025-09-25 20:25:03.0735150,Value Deal,5,Email Channel,0.82,"Guest nc7d8YzG receives Value Deal at 5 percent discount. Incremental value is projected positive with EIM 0.82, driven by modeled uplift and expected ticket. Top drivers unavailable for this row. Offer passes margin floor and discount cap guardrails.",ok,2025-09-26 00:25:03.0735150,snap_20250905
nc7d8YzG,2025-09-25 20:25:03.0735150,Value Deal,5,Email Channel,0.82,"Guest nc7d8YzG receives Value Deal at 5 percent discount. Incremental value is projected positive with EIM 0.82, driven by modeled uplift and expected ticket. Top drivers unavailable for this row. Offer passes margin floor and discount cap guardrails.",ok,2025-09-26 00:25:03.0735150,snap_20250905
nyADvkxt,2025-09-25 20:25:03.0735150,Family Meal,5,Email Channel,0.41,"Guest nyADvkxt receives Family Meal at 5 percent discount. Incremental value is projected positive with EIM 0.41, driven by modeled uplift and expected ticket. Top drivers unavailable for this row. Offer passes margin floor and discount cap guardrails.",ok,2025-09-26 00:25:03.0735150,snap_20250905
nyADvkxt,2025-09-25 20:25:03.0735150,Family Meal,5,Email Channel,0.41,"Guest nyADvkxt receives Family Meal at 5 percent discount. Incremental value is projected positive with EIM 0.41, driven by modeled uplift and expected ticket. Top drivers unavailable for this row. Offer passes margin floor and discount cap guardrails.",ok,2025-09-26 00:25:03.0735150,snap_20250905
o52HAS5x,2025-09-25 20:25:03.0735150,Value Deal,5,Email Channel,0.60,"Guest o52HAS5x receives Value Deal at 5 percent discount. Incremental value is projected positive with EIM 0.60, driven by modeled uplift and expected ticket. Top drivers unavailable for this row. Offer passes margin floor and discount cap guardrails.",ok,2025-09-26 00:25:03.0735150,snap_20250905
o52HAS5x,2025-09-25 20:25:03.0735150,Value Deal,5,Email Channel,0.60,"Guest o52HAS5x receives Value Deal at 5 percent discount. Incremental value is projected positive with EIM 0.60, driven by modeled uplift and expected ticket. Top drivers unavailable for this row. Offer passes margin floor and discount cap guardrails.",ok,2025-09-26 00:25:03.0735150,snap_20250905
oCYS8kgn,2025-09-25 20:25:03.0735150,Value Deal,5,Email Channel,1.57,"Guest oCYS8kgn receives Value Deal at 5 percent discount. Incremental value is projected positive with EIM 1.57, driven by modeled uplift and expected ticket. Top drivers unavailable for this row. Offer passes margin floor and discount cap guardrails.",ok,2025-09-26 00:25:03.0735150,snap_20250905
oCYS8kgn,2025-09-25 20:25:03.0735150,Value Deal,5,Email Channel,1.57,"Guest oCYS8kgn receives Value Deal at 5 percent discount. Incremental value is projected positive with EIM 1.57, driven by modeled uplift and expected ticket. Top drivers unavailable for this row. Offer passes margin floor and discount cap guardrails.",ok,2025-09-26 00:25:03.0735150,snap_20250905
oavw1O9Z,2025-09-25 20:25:03.0735150,Value Deal,5,Email Channel,0.71,"Guest oavw1O9Z receives Value Deal at 5 percent discount. Incremental value is projected positive with EIM 0.71, driven by modeled uplift and expected ticket. Top drivers unavailable for this row. Offer passes margin floor and discount cap guardrails.",ok,2025-09-26 00:25:03.0735150,snap_20250905
oavw1O9Z,2025-09-25 20:25:03.0735150,Value Deal,5,Email Channel,0.71,"Guest oavw1O9Z receives Value Deal at 5 percent discount. Incremental value is projected positive with EIM 0.71, driven by modeled uplift and expected ticket. Top drivers unavailable for this row. Offer passes margin floor and discount cap guardrails.",ok,2025-09-26 00:25:03.0735150,snap_20250905
oupA6Uur,2025-09-25 20:25:03.0735150,Family Meal,5,Email Channel,0.31,"Guest oupA6Uur receives Family Meal at 5 percent discount. Incremental value is projected positive with EIM 0.31, driven by modeled uplift and expected ticket. Top drivers unavailable for this row. Offer passes margin floor and discount cap guardrails.",ok,2025-09-26 00:25:03.0735150,snap_20250905
oupA6Uur,2025-09-25 20:25:03.0735150,Family Meal,5,Email Channel,0.31,"Guest oupA6Uur receives Family Meal at 5 percent discount. Incremental value is projected positive with EIM 0.31, driven by modeled uplift and expected ticket. Top drivers unavailable for this row. Offer passes margin floor and discount cap guardrails.",ok,2025-09-26 00:25:03.0735150,snap_20250905
pPakfrXz,2025-09-25 20:25:03.0735150,Value Deal,5,Email Channel,2.44,"Guest pPakfrXz receives Value Deal at 5 percent discount. Incremental value is projected positive with EIM 2.44, driven by modeled uplift and expected ticket. Top drivers unavailable for this row. Offer passes margin floor and discount cap guardrails.",ok,2025-09-26 00:25:03.0735150,snap_20250905
pPakfrXz,2025-09-25 20:25:03.0735150,Value Deal,5,Email Channel,2.44,"Guest pPakfrXz receives Value Deal at 5 percent discount. Incremental value is projected positive with EIM 2.44, driven by modeled uplift and expected ticket. Top drivers unavailable for this row. Offer passes margin floor and discount cap guardrails.",ok,2025-09-26 00:25:03.0735150,snap_20250905
pyKwKsSs,2025-09-25 20:25:03.0735150,Value Deal,5,Email Channel,1.45,"Guest pyKwKsSs receives Value Deal at 5 percent discount. Incremental value is projected positive with EIM 1.45, driven by modeled uplift and expected ticket. Top drivers unavailable for this row. Offer passes margin floor and discount cap guardrails.",ok,2025-09-26 00:25:03.0735150,snap_20250905
pyKwKsSs,2025-09-25 20:25:03.0735150,Value Deal,5,Email Channel,1.45,"Guest pyKwKsSs receives Value Deal at 5 percent discount. Incremental value is projected positive with EIM 1.45, driven by modeled uplift and expected ticket. Top drivers unavailable for this row. Offer passes margin floor and discount cap guardrails.",ok,2025-09-26 00:25:03.0735150,snap_20250905
q0aVnLec,2025-09-25 20:25:03.0735150,Value Deal,5,Email Channel,1.28,"Guest q0aVnLec receives Value Deal at 5 percent discount. Incremental value is projected positive with EIM 1.28, driven by modeled uplift and expected ticket. Top drivers unavailable for this row. Offer passes margin floor and discount cap guardrails.",ok,2025-09-26 00:25:03.0735150,snap_20250905
q0aVnLec,2025-09-25 20:25:03.0735150,Value Deal,5,Email Channel,1.28,"Guest q0aVnLec receives Value Deal at 5 percent discount. Incremental value is projected positive with EIM 1.28, driven by modeled uplift and expected ticket. Top drivers unavailable for this row. Offer passes margin floor and discount cap guardrails.",ok,2025-09-26 00:25:03.0735150,snap_20250905
r5IKQcl7,2025-09-25 20:25:03.0735150,Value Deal,5,Email Channel,1.14,"Guest r5IKQcl7 receives Value Deal at 5 percent discount. Incremental value is projected positive with EIM 1.14, driven by modeled uplift and expected ticket. Top drivers unavailable for this row. Offer passes margin floor and discount cap guardrails.",ok,2025-09-26 00:25:03.0735150,snap_20250905
r5IKQcl7,2025-09-25 20:25:03.0735150,Value Deal,5,Email Channel,1.14,"Guest r5IKQcl7 receives Value Deal at 5 percent discount. Incremental value is projected positive with EIM 1.14, driven by modeled uplift and expected ticket. Top drivers unavailable for this row. Offer passes margin floor and discount cap guardrails.",ok,2025-09-26 00:25:03.0735150,snap_20250905
sMnTvnRO,2025-09-25 20:25:03.0735150,Value Deal,5,Email Channel,0.57,"Guest sMnTvnRO receives Value Deal at 5 percent discount. Incremental value is projected positive with EIM 0.57, driven by modeled uplift and expected ticket. Top drivers unavailable for this row. Offer passes margin floor and discount cap guardrails.",ok,2025-09-26 00:25:03.0735150,snap_20250905
sMnTvnRO,2025-09-25 20:25:03.0735150,Value Deal,5,Email Channel,0.57,"Guest sMnTvnRO receives Value Deal at 5 percent discount. Incremental value is projected positive with EIM 0.57, driven by modeled uplift and expected ticket. Top drivers unavailable for this row. Offer passes margin floor and discount cap guardrails.",ok,2025-09-26 00:25:03.0735150,snap_20250905
t4GJnPQD,2025-09-25 20:25:03.0735150,Value Deal,5,Email Channel,1.09,"Guest t4GJnPQD receives Value Deal at 5 percent discount. Incremental value is projected positive with EIM 1.09, driven by modeled uplift and expected ticket. Top drivers unavailable for this row. Offer passes margin floor and discount cap guardrails.",ok,2025-09-26 00:25:03.0735150,snap_20250905
t4GJnPQD,2025-09-25 20:25:03.0735150,Value Deal,5,Email Channel,1.09,"Guest t4GJnPQD receives Value Deal at 5 percent discount. Incremental value is projected positive with EIM 1.09, driven by modeled uplift and expected ticket. Top drivers unavailable for this row. Offer passes margin floor and discount cap guardrails.",ok,2025-09-26 00:25:03.0735150,snap_20250905
v0Yttr1F,2025-09-25 20:25:03.0735150,Value Deal,5,Email Channel,1.72,"Guest v0Yttr1F receives Value Deal at 5 percent discount. Incremental value is projected positive with EIM 1.72, driven by modeled uplift and expected ticket. Top drivers unavailable for this row. Offer passes margin floor and discount cap guardrails.",ok,2025-09-26 00:25:03.0735150,snap_20250905
v0Yttr1F,2025-09-25 20:25:03.0735150,Value Deal,5,Email Channel,1.72,"Guest v0Yttr1F receives Value Deal at 5 percent discount. Incremental value is projected positive with EIM 1.72, driven by modeled uplift and expected ticket. Top drivers unavailable for this row. Offer passes margin floor and discount cap guardrails.",ok,2025-09-26 00:25:03.0735150,snap_20250905
xhWrKoZB,2025-09-25 20:25:03.0735150,BOGO,15,Email Channel,3.13,"Guest xhWrKoZB receives BOGO at 15 percent discount. Incremental value is projected positive with EIM 3.13, driven by modeled uplift and expected ticket. Top drivers unavailable for this row. Offer passes margin floor and discount cap guardrails.",ok,2025-09-26 00:25:03.0735150,snap_20250905
xhWrKoZB,2025-09-25 20:25:03.0735150,BOGO,15,Email Channel,3.13,"Guest xhWrKoZB receives BOGO at 15 percent discount. Incremental value is projected positive with EIM 3.13, driven by modeled uplift and expected ticket. Top drivers unavailable for this row. Offer passes margin floor and discount cap guardrails.",ok,2025-09-26 00:25:03.0735150,snap_20250905
zTOAshzb,2025-09-25 20:25:03.0735150,Family Meal,5,Email Channel,0.19,"Guest zTOAshzb receives Family Meal at 5 percent discount. Incremental value is projected positive with EIM 0.19, driven by modeled uplift and expected ticket. Top drivers unavailable for this row. Offer passes margin floor and discount cap guardrails.",ok,2025-09-26 00:25:03.0735150,snap_20250905
zTOAshzb,2025-09-25 20:25:03.0735150,Family Meal,5,Email Channel,0.19,"Guest zTOAshzb receives Family Meal at 5 percent discount. Incremental value is projected positive with EIM 0.19, driven by modeled uplift and expected ticket. Top drivers unavailable for this row. Offer passes margin floor and discount cap guardrails.",ok,2025-09-26 00:25:03.0735150,snap_20250905
znD0YmTv,2025-09-25 20:25:03.0735150,Value Deal,5,Email Channel,0.65,"Guest znD0YmTv receives Value Deal at 5 percent discount. Incremental value is projected positive with EIM 0.65, driven by modeled uplift and expected ticket. Top drivers unavailable for this row. Offer passes margin floor and discount cap guardrails.",ok,2025-09-26 00:25:03.0735150,snap_20250905
znD0YmTv,2025-09-25 20:25:03.0735150,Value Deal,5,Email Channel,0.65,"Guest znD0YmTv receives Value Deal at 5 percent discount. Incremental value is projected positive with EIM 0.65, driven by modeled uplift and expected ticket. Top drivers unavailable for this row. Offer passes margin floor and discount cap guardrails.",ok,2025-09-26 00:25:03.0735150,snap_20250905
