guest_id,promotion_id,promotion_name,product_category,base_price,allowed_discount_bands,channel_eligibility,decision_time,active_window
BkSCwCcU,1,Value Deal,Sandwich,3.78999996185303,10%-20%,Email Channel,2025-10-07 20:23:39,1
BkSCwCcU,8,BOGO,Dessert,6.11999988555908,5%-10%,Email Channel,2025-10-07 20:23:39,1
BkSCwCcU,10,Value Deal,Salad,11.5699996948242,5%-10%,Apple Channel,2025-10-07 20:23:39,1
BkSCwCcU,13,2-for-1,Side,13.5799999237061,20%-30%,Android Channel,2025-10-07 20:23:39,1
BkSCwCcU,14,2-for-1,Salad,5.1100001335144,30%-50%,Email Channel,2025-10-07 20:23:39,1
BkSCwCcU,17,Family Meal,Beverage,10.3500003814697,15%-25%,Apple Channel,2025-10-07 20:23:39,1
BkSCwCcU,19,Family Meal,Wrap,8.72000026702881,15%-25%,Apple Channel,2025-10-07 20:23:39,1
BkSCwCcU,21,Lunch Combo,Wrap,9.69999980926514,30%-50%,Email Channel,2025-10-07 20:23:39,1
BkSCwCcU,23,Happy Hour,Sandwich,4.48999977111816,5%-10%,Apple Channel,2025-10-07 20:23:39,1
BkSCwCcU,24,2-for-1,Dessert,8.97000026702881,15%-25%,Apple Channel,2025-10-07 20:23:39,1
BkSCwCcU,25,2-for-1,Side,12.1899995803833,15%-25%,Android Channel,2025-10-07 20:23:39,1
BkSCwCcU,32,Happy Hour,Beverage,5.1100001335144,20%-30%,Email Channel,2025-10-07 20:23:39,1
BkSCwCcU,35,BOGO,Beverage,6.55000019073486,20%-30%,Email Channel,2025-10-07 20:23:39,1
BkSCwCcU,36,Value Deal,Dessert,9.10000038146973,10%-20%,Email Channel,2025-10-07 20:23:39,1
BkSCwCcU,41,2-for-1,Dessert,11.7399997711182,20%-30%,Email Channel,2025-10-07 20:23:39,1
BkSCwCcU,42,Family Meal,Salad,14.1800003051758,5%-10%,Android Channel,2025-10-07 20:23:39,1
BkSCwCcU,43,BOGO,Sandwich,9.68000030517578,10%-20%,Email Channel,2025-10-07 20:23:39,1
BkSCwCcU,44,2-for-1,Salad,6.78000020980835,30%-50%,Email Channel,2025-10-07 20:23:39,1
BkSCwCcU,46,BOGO,Dessert,9.85999965667725,30%-50%,Email Channel,2025-10-07 20:23:39,1
BkSCwCcU,47,2-for-1,Dessert,10.789999961853,20%-30%,Email Channel,2025-10-07 20:23:39,1
BkSCwCcU,48,BOGO,Dessert,8.36999988555908,5%-10%,Email Channel,2025-10-07 20:23:39,1
BkSCwCcU,52,Value Deal,Sandwich,7.57000017166138,20%-30%,Apple Channel,2025-10-07 20:23:39,1
BkSCwCcU,56,2-for-1,Sandwich,11.0900001525879,15%-25%,Email Channel,2025-10-07 20:23:39,1
BkSCwCcU,59,Lunch Combo,Dessert,12.539999961853,30%-50%,Email Channel,2025-10-07 20:23:39,1
BkSCwCcU,60,2-for-1,Salad,4.01000022888184,30%-50%,Apple Channel,2025-10-07 20:23:39,1
BkSCwCcU,62,Value Deal,Salad,9.32999992370605,15%-25%,Android Channel,2025-10-07 20:23:39,1
BkSCwCcU,63,Happy Hour,Wrap,5.71000003814697,20%-30%,Email Channel,2025-10-07 20:23:39,1
BkSCwCcU,64,Lunch Combo,Beverage,9.80000019073486,15%-25%,Email Channel,2025-10-07 20:23:39,1
BkSCwCcU,68,Happy Hour,Sandwich,8.73999977111816,30%-50%,Email Channel,2025-10-07 20:23:39,1
BkSCwCcU,69,Family Meal,Beverage,6.30999994277954,5%-10%,Email Channel,2025-10-07 20:23:39,1
BkSCwCcU,70,2-for-1,Wrap,12.75,20%-30%,Email Channel,2025-10-07 20:23:39,1
BkSCwCcU,71,Super Saver,Sandwich,8.75,30%-50%,Apple Channel,2025-10-07 20:23:39,1
BkSCwCcU,72,Super Saver,Beverage,10.5500001907349,30%-50%,Android Channel,2025-10-07 20:23:39,1
BkSCwCcU,73,Family Meal,Wrap,12.0500001907349,15%-25%,Email Channel,2025-10-07 20:23:39,1
BkSCwCcU,74,Super Saver,Side,9.06999969482422,20%-30%,Email Channel,2025-10-07 20:23:39,1
BkSCwCcU,76,Family Meal,Dessert,5.26000022888184,20%-30%,Android Channel,2025-10-07 20:23:39,1
BkSCwCcU,78,Super Saver,Side,7.86999988555908,15%-25%,Email Channel,2025-10-07 20:23:39,1
BkSCwCcU,80,Lunch Combo,Beverage,9.07999992370605,20%-30%,Email Channel,2025-10-07 20:23:39,1
BkSCwCcU,83,Lunch Combo,Wrap,8.72999954223633,20%-30%,Email Channel,2025-10-07 20:23:39,1
BkSCwCcU,85,Super Saver,Dessert,3.96000003814697,10%-20%,Email Channel,2025-10-07 20:23:39,1
BkSCwCcU,87,Value Deal,Salad,12.3199996948242,30%-50%,Email Channel,2025-10-07 20:23:39,1
BkSCwCcU,89,BOGO,Side,11.4399995803833,5%-10%,Email Channel,2025-10-07 20:23:39,1
BkSCwCcU,91,Value Deal,Salad,3.65000009536743,20%-30%,Email Channel,2025-10-07 20:23:39,1
BkSCwCcU,92,Value Deal,Beverage,11.6300001144409,30%-50%,Email Channel,2025-10-07 20:23:39,1
BkSCwCcU,94,Super Saver,Sandwich,6.71000003814697,20%-30%,Apple Channel,2025-10-07 20:23:39,1
BkSCwCcU,97,2-for-1,Sandwich,6.28000020980835,30%-50%,Email Channel,2025-10-07 20:23:39,1
BkSCwCcU,99,Value Deal,Wrap,7.01999998092651,20%-30%,Apple Channel,2025-10-07 20:23:39,1
BmS6i4Pt,1,Value Deal,Sandwich,3.78999996185303,10%-20%,Email Channel,2025-10-07 20:23:39,1
BmS6i4Pt,8,BOGO,Dessert,6.11999988555908,5%-10%,Email Channel,2025-10-07 20:23:39,1
BmS6i4Pt,10,Value Deal,Salad,11.5699996948242,5%-10%,Apple Channel,2025-10-07 20:23:39,1
BmS6i4Pt,13,2-for-1,Side,13.5799999237061,20%-30%,Android Channel,2025-10-07 20:23:39,1
BmS6i4Pt,14,2-for-1,Salad,5.1100001335144,30%-50%,Email Channel,2025-10-07 20:23:39,1
BmS6i4Pt,17,Family Meal,Beverage,10.3500003814697,15%-25%,Apple Channel,2025-10-07 20:23:39,1
BmS6i4Pt,19,Family Meal,Wrap,8.72000026702881,15%-25%,Apple Channel,2025-10-07 20:23:39,1
BmS6i4Pt,21,Lunch Combo,Wrap,9.69999980926514,30%-50%,Email Channel,2025-10-07 20:23:39,1
BmS6i4Pt,23,Happy Hour,Sandwich,4.48999977111816,5%-10%,Apple Channel,2025-10-07 20:23:39,1
BmS6i4Pt,24,2-for-1,Dessert,8.97000026702881,15%-25%,Apple Channel,2025-10-07 20:23:39,1
BmS6i4Pt,25,2-for-1,Side,12.1899995803833,15%-25%,Android Channel,2025-10-07 20:23:39,1
BmS6i4Pt,32,Happy Hour,Beverage,5.1100001335144,20%-30%,Email Channel,2025-10-07 20:23:39,1
BmS6i4Pt,35,BOGO,Beverage,6.55000019073486,20%-30%,Email Channel,2025-10-07 20:23:39,1
BmS6i4Pt,36,Value Deal,Dessert,9.10000038146973,10%-20%,Email Channel,2025-10-07 20:23:39,1
BmS6i4Pt,41,2-for-1,Dessert,11.7399997711182,20%-30%,Email Channel,2025-10-07 20:23:39,1
BmS6i4Pt,42,Family Meal,Salad,14.1800003051758,5%-10%,Android Channel,2025-10-07 20:23:39,1
BmS6i4Pt,43,BOGO,Sandwich,9.68000030517578,10%-20%,Email Channel,2025-10-07 20:23:39,1
BmS6i4Pt,44,2-for-1,Salad,6.78000020980835,30%-50%,Email Channel,2025-10-07 20:23:39,1
BmS6i4Pt,46,BOGO,Dessert,9.85999965667725,30%-50%,Email Channel,2025-10-07 20:23:39,1
BmS6i4Pt,47,2-for-1,Dessert,10.789999961853,20%-30%,Email Channel,2025-10-07 20:23:39,1
BmS6i4Pt,48,BOGO,Dessert,8.36999988555908,5%-10%,Email Channel,2025-10-07 20:23:39,1
BmS6i4Pt,52,Value Deal,Sandwich,7.57000017166138,20%-30%,Apple Channel,2025-10-07 20:23:39,1
BmS6i4Pt,56,2-for-1,Sandwich,11.0900001525879,15%-25%,Email Channel,2025-10-07 20:23:39,1
BmS6i4Pt,59,Lunch Combo,Dessert,12.539999961853,30%-50%,Email Channel,2025-10-07 20:23:39,1
BmS6i4Pt,60,2-for-1,Salad,4.01000022888184,30%-50%,Apple Channel,2025-10-07 20:23:39,1
BmS6i4Pt,62,Value Deal,Salad,9.32999992370605,15%-25%,Android Channel,2025-10-07 20:23:39,1
BmS6i4Pt,63,Happy Hour,Wrap,5.71000003814697,20%-30%,Email Channel,2025-10-07 20:23:39,1
BmS6i4Pt,64,Lunch Combo,Beverage,9.80000019073486,15%-25%,Email Channel,2025-10-07 20:23:39,1
BmS6i4Pt,68,Happy Hour,Sandwich,8.73999977111816,30%-50%,Email Channel,2025-10-07 20:23:39,1
BmS6i4Pt,69,Family Meal,Beverage,6.30999994277954,5%-10%,Email Channel,2025-10-07 20:23:39,1
BmS6i4Pt,70,2-for-1,Wrap,12.75,20%-30%,Email Channel,2025-10-07 20:23:39,1
BmS6i4Pt,71,Super Saver,Sandwich,8.75,30%-50%,Apple Channel,2025-10-07 20:23:39,1
BmS6i4Pt,72,Super Saver,Beverage,10.5500001907349,30%-50%,Android Channel,2025-10-07 20:23:39,1
BmS6i4Pt,73,Family Meal,Wrap,12.0500001907349,15%-25%,Email Channel,2025-10-07 20:23:39,1
BmS6i4Pt,74,Super Saver,Side,9.06999969482422,20%-30%,Email Channel,2025-10-07 20:23:39,1
BmS6i4Pt,76,Family Meal,Dessert,5.26000022888184,20%-30%,Android Channel,2025-10-07 20:23:39,1
BmS6i4Pt,78,Super Saver,Side,7.86999988555908,15%-25%,Email Channel,2025-10-07 20:23:39,1
BmS6i4Pt,80,Lunch Combo,Beverage,9.07999992370605,20%-30%,Email Channel,2025-10-07 20:23:39,1
BmS6i4Pt,83,Lunch Combo,Wrap,8.72999954223633,20%-30%,Email Channel,2025-10-07 20:23:39,1
BmS6i4Pt,85,Super Saver,Dessert,3.96000003814697,10%-20%,Email Channel,2025-10-07 20:23:39,1
BmS6i4Pt,87,Value Deal,Salad,12.3199996948242,30%-50%,Email Channel,2025-10-07 20:23:39,1
BmS6i4Pt,89,BOGO,Side,11.4399995803833,5%-10%,Email Channel,2025-10-07 20:23:39,1
BmS6i4Pt,91,Value Deal,Salad,3.65000009536743,20%-30%,Email Channel,2025-10-07 20:23:39,1
BmS6i4Pt,92,Value Deal,Beverage,11.6300001144409,30%-50%,Email Channel,2025-10-07 20:23:39,1
BmS6i4Pt,94,Super Saver,Sandwich,6.71000003814697,20%-30%,Apple Channel,2025-10-07 20:23:39,1
BmS6i4Pt,97,2-for-1,Sandwich,6.28000020980835,30%-50%,Email Channel,2025-10-07 20:23:39,1
BmS6i4Pt,99,Value Deal,Wrap,7.01999998092651,20%-30%,Apple Channel,2025-10-07 20:23:39,1
BmS6i4Pt,1,Value Deal,Sandwich,3.78999996185303,10%-20%,Email Channel,2025-10-07 20:23:39,1
BmS6i4Pt,8,BOGO,Dessert,6.11999988555908,5%-10%,Email Channel,2025-10-07 20:23:39,1
BmS6i4Pt,10,Value Deal,Salad,11.5699996948242,5%-10%,Apple Channel,2025-10-07 20:23:39,1
BmS6i4Pt,13,2-for-1,Side,13.5799999237061,20%-30%,Android Channel,2025-10-07 20:23:39,1
BmS6i4Pt,14,2-for-1,Salad,5.1100001335144,30%-50%,Email Channel,2025-10-07 20:23:39,1
BmS6i4Pt,17,Family Meal,Beverage,10.3500003814697,15%-25%,Apple Channel,2025-10-07 20:23:39,1
BmS6i4Pt,19,Family Meal,Wrap,8.72000026702881,15%-25%,Apple Channel,2025-10-07 20:23:39,1
BmS6i4Pt,21,Lunch Combo,Wrap,9.69999980926514,30%-50%,Email Channel,2025-10-07 20:23:39,1
BmS6i4Pt,23,Happy Hour,Sandwich,4.48999977111816,5%-10%,Apple Channel,2025-10-07 20:23:39,1
BmS6i4Pt,24,2-for-1,Dessert,8.97000026702881,15%-25%,Apple Channel,2025-10-07 20:23:39,1
BmS6i4Pt,25,2-for-1,Side,12.1899995803833,15%-25%,Android Channel,2025-10-07 20:23:39,1
BmS6i4Pt,32,Happy Hour,Beverage,5.1100001335144,20%-30%,Email Channel,2025-10-07 20:23:39,1
BmS6i4Pt,35,BOGO,Beverage,6.55000019073486,20%-30%,Email Channel,2025-10-07 20:23:39,1
BmS6i4Pt,36,Value Deal,Dessert,9.10000038146973,10%-20%,Email Channel,2025-10-07 20:23:39,1
BmS6i4Pt,41,2-for-1,Dessert,11.7399997711182,20%-30%,Email Channel,2025-10-07 20:23:39,1
BmS6i4Pt,42,Family Meal,Salad,14.1800003051758,5%-10%,Android Channel,2025-10-07 20:23:39,1
BmS6i4Pt,43,BOGO,Sandwich,9.68000030517578,10%-20%,Email Channel,2025-10-07 20:23:39,1
BmS6i4Pt,44,2-for-1,Salad,6.78000020980835,30%-50%,Email Channel,2025-10-07 20:23:39,1
BmS6i4Pt,46,BOGO,Dessert,9.85999965667725,30%-50%,Email Channel,2025-10-07 20:23:39,1
BmS6i4Pt,47,2-for-1,Dessert,10.789999961853,20%-30%,Email Channel,2025-10-07 20:23:39,1
BmS6i4Pt,48,BOGO,Dessert,8.36999988555908,5%-10%,Email Channel,2025-10-07 20:23:39,1
BmS6i4Pt,52,Value Deal,Sandwich,7.57000017166138,20%-30%,Apple Channel,2025-10-07 20:23:39,1
BmS6i4Pt,56,2-for-1,Sandwich,11.0900001525879,15%-25%,Email Channel,2025-10-07 20:23:39,1
BmS6i4Pt,59,Lunch Combo,Dessert,12.539999961853,30%-50%,Email Channel,2025-10-07 20:23:39,1
BmS6i4Pt,60,2-for-1,Salad,4.01000022888184,30%-50%,Apple Channel,2025-10-07 20:23:39,1
BmS6i4Pt,62,Value Deal,Salad,9.32999992370605,15%-25%,Android Channel,2025-10-07 20:23:39,1
BmS6i4Pt,63,Happy Hour,Wrap,5.71000003814697,20%-30%,Email Channel,2025-10-07 20:23:39,1
BmS6i4Pt,64,Lunch Combo,Beverage,9.80000019073486,15%-25%,Email Channel,2025-10-07 20:23:39,1
BmS6i4Pt,68,Happy Hour,Sandwich,8.73999977111816,30%-50%,Email Channel,2025-10-07 20:23:39,1
BmS6i4Pt,69,Family Meal,Beverage,6.30999994277954,5%-10%,Email Channel,2025-10-07 20:23:39,1
BmS6i4Pt,70,2-for-1,Wrap,12.75,20%-30%,Email Channel,2025-10-07 20:23:39,1
BmS6i4Pt,71,Super Saver,Sandwich,8.75,30%-50%,Apple Channel,2025-10-07 20:23:39,1
BmS6i4Pt,72,Super Saver,Beverage,10.5500001907349,30%-50%,Android Channel,2025-10-07 20:23:39,1
BmS6i4Pt,73,Family Meal,Wrap,12.0500001907349,15%-25%,Email Channel,2025-10-07 20:23:39,1
BmS6i4Pt,74,Super Saver,Side,9.06999969482422,20%-30%,Email Channel,2025-10-07 20:23:39,1
BmS6i4Pt,76,Family Meal,Dessert,5.26000022888184,20%-30%,Android Channel,2025-10-07 20:23:39,1
BmS6i4Pt,78,Super Saver,Side,7.86999988555908,15%-25%,Email Channel,2025-10-07 20:23:39,1
BmS6i4Pt,80,Lunch Combo,Beverage,9.07999992370605,20%-30%,Email Channel,2025-10-07 20:23:39,1
BmS6i4Pt,83,Lunch Combo,Wrap,8.72999954223633,20%-30%,Email Channel,2025-10-07 20:23:39,1
BmS6i4Pt,85,Super Saver,Dessert,3.96000003814697,10%-20%,Email Channel,2025-10-07 20:23:39,1
BmS6i4Pt,87,Value Deal,Salad,12.3199996948242,30%-50%,Email Channel,2025-10-07 20:23:39,1
BmS6i4Pt,89,BOGO,Side,11.4399995803833,5%-10%,Email Channel,2025-10-07 20:23:39,1
BmS6i4Pt,91,Value Deal,Salad,3.65000009536743,20%-30%,Email Channel,2025-10-07 20:23:39,1
BmS6i4Pt,92,Value Deal,Beverage,11.6300001144409,30%-50%,Email Channel,2025-10-07 20:23:39,1
BmS6i4Pt,94,Super Saver,Sandwich,6.71000003814697,20%-30%,Apple Channel,2025-10-07 20:23:39,1
BmS6i4Pt,97,2-for-1,Sandwich,6.28000020980835,30%-50%,Email Channel,2025-10-07 20:23:39,1
BmS6i4Pt,99,Value Deal,Wrap,7.01999998092651,20%-30%,Apple Channel,2025-10-07 20:23:39,1
KErc7eR7,1,Value Deal,Sandwich,3.78999996185303,10%-20%,Email Channel,2025-10-07 20:23:39,1
KErc7eR7,8,BOGO,Dessert,6.11999988555908,5%-10%,Email Channel,2025-10-07 20:23:39,1
KErc7eR7,10,Value Deal,Salad,11.5699996948242,5%-10%,Apple Channel,2025-10-07 20:23:39,1
KErc7eR7,13,2-for-1,Side,13.5799999237061,20%-30%,Android Channel,2025-10-07 20:23:39,1
KErc7eR7,14,2-for-1,Salad,5.1100001335144,30%-50%,Email Channel,2025-10-07 20:23:39,1
KErc7eR7,17,Family Meal,Beverage,10.3500003814697,15%-25%,Apple Channel,2025-10-07 20:23:39,1
KErc7eR7,19,Family Meal,Wrap,8.72000026702881,15%-25%,Apple Channel,2025-10-07 20:23:39,1
KErc7eR7,21,Lunch Combo,Wrap,9.69999980926514,30%-50%,Email Channel,2025-10-07 20:23:39,1
KErc7eR7,23,Happy Hour,Sandwich,4.48999977111816,5%-10%,Apple Channel,2025-10-07 20:23:39,1
KErc7eR7,24,2-for-1,Dessert,8.97000026702881,15%-25%,Apple Channel,2025-10-07 20:23:39,1
KErc7eR7,25,2-for-1,Side,12.1899995803833,15%-25%,Android Channel,2025-10-07 20:23:39,1
KErc7eR7,32,Happy Hour,Beverage,5.1100001335144,20%-30%,Email Channel,2025-10-07 20:23:39,1
KErc7eR7,35,BOGO,Beverage,6.55000019073486,20%-30%,Email Channel,2025-10-07 20:23:39,1
KErc7eR7,36,Value Deal,Dessert,9.10000038146973,10%-20%,Email Channel,2025-10-07 20:23:39,1
KErc7eR7,41,2-for-1,Dessert,11.7399997711182,20%-30%,Email Channel,2025-10-07 20:23:39,1
KErc7eR7,42,Family Meal,Salad,14.1800003051758,5%-10%,Android Channel,2025-10-07 20:23:39,1
KErc7eR7,43,BOGO,Sandwich,9.68000030517578,10%-20%,Email Channel,2025-10-07 20:23:39,1
KErc7eR7,44,2-for-1,Salad,6.78000020980835,30%-50%,Email Channel,2025-10-07 20:23:39,1
KErc7eR7,46,BOGO,Dessert,9.85999965667725,30%-50%,Email Channel,2025-10-07 20:23:39,1
KErc7eR7,47,2-for-1,Dessert,10.789999961853,20%-30%,Email Channel,2025-10-07 20:23:39,1
KErc7eR7,48,BOGO,Dessert,8.36999988555908,5%-10%,Email Channel,2025-10-07 20:23:39,1
KErc7eR7,52,Value Deal,Sandwich,7.57000017166138,20%-30%,Apple Channel,2025-10-07 20:23:39,1
KErc7eR7,56,2-for-1,Sandwich,11.0900001525879,15%-25%,Email Channel,2025-10-07 20:23:39,1
KErc7eR7,59,Lunch Combo,Dessert,12.539999961853,30%-50%,Email Channel,2025-10-07 20:23:39,1
KErc7eR7,60,2-for-1,Salad,4.01000022888184,30%-50%,Apple Channel,2025-10-07 20:23:39,1
KErc7eR7,62,Value Deal,Salad,9.32999992370605,15%-25%,Android Channel,2025-10-07 20:23:39,1
KErc7eR7,63,Happy Hour,Wrap,5.71000003814697,20%-30%,Email Channel,2025-10-07 20:23:39,1
KErc7eR7,64,Lunch Combo,Beverage,9.80000019073486,15%-25%,Email Channel,2025-10-07 20:23:39,1
KErc7eR7,68,Happy Hour,Sandwich,8.73999977111816,30%-50%,Email Channel,2025-10-07 20:23:39,1
KErc7eR7,69,Family Meal,Beverage,6.30999994277954,5%-10%,Email Channel,2025-10-07 20:23:39,1
KErc7eR7,70,2-for-1,Wrap,12.75,20%-30%,Email Channel,2025-10-07 20:23:39,1
KErc7eR7,71,Super Saver,Sandwich,8.75,30%-50%,Apple Channel,2025-10-07 20:23:39,1
KErc7eR7,72,Super Saver,Beverage,10.5500001907349,30%-50%,Android Channel,2025-10-07 20:23:39,1
KErc7eR7,73,Family Meal,Wrap,12.0500001907349,15%-25%,Email Channel,2025-10-07 20:23:39,1
KErc7eR7,74,Super Saver,Side,9.06999969482422,20%-30%,Email Channel,2025-10-07 20:23:39,1
KErc7eR7,76,Family Meal,Dessert,5.26000022888184,20%-30%,Android Channel,2025-10-07 20:23:39,1
KErc7eR7,78,Super Saver,Side,7.86999988555908,15%-25%,Email Channel,2025-10-07 20:23:39,1
KErc7eR7,80,Lunch Combo,Beverage,9.07999992370605,20%-30%,Email Channel,2025-10-07 20:23:39,1
KErc7eR7,83,Lunch Combo,Wrap,8.72999954223633,20%-30%,Email Channel,2025-10-07 20:23:39,1
KErc7eR7,85,Super Saver,Dessert,3.96000003814697,10%-20%,Email Channel,2025-10-07 20:23:39,1
KErc7eR7,87,Value Deal,Salad,12.3199996948242,30%-50%,Email Channel,2025-10-07 20:23:39,1
KErc7eR7,89,BOGO,Side,11.4399995803833,5%-10%,Email Channel,2025-10-07 20:23:39,1
KErc7eR7,91,Value Deal,Salad,3.65000009536743,20%-30%,Email Channel,2025-10-07 20:23:39,1
KErc7eR7,92,Value Deal,Beverage,11.6300001144409,30%-50%,Email Channel,2025-10-07 20:23:39,1
KErc7eR7,94,Super Saver,Sandwich,6.71000003814697,20%-30%,Apple Channel,2025-10-07 20:23:39,1
KErc7eR7,97,2-for-1,Sandwich,6.28000020980835,30%-50%,Email Channel,2025-10-07 20:23:39,1
KErc7eR7,99,Value Deal,Wrap,7.01999998092651,20%-30%,Apple Channel,2025-10-07 20:23:39,1
aDNKgeIn,1,Value Deal,Sandwich,3.78999996185303,10%-20%,Email Channel,2025-10-07 20:23:39,1
aDNKgeIn,8,BOGO,Dessert,6.11999988555908,5%-10%,Email Channel,2025-10-07 20:23:39,1
aDNKgeIn,10,Value Deal,Salad,11.5699996948242,5%-10%,Apple Channel,2025-10-07 20:23:39,1
aDNKgeIn,13,2-for-1,Side,13.5799999237061,20%-30%,Android Channel,2025-10-07 20:23:39,1
aDNKgeIn,17,Family Meal,Beverage,10.3500003814697,15%-25%,Apple Channel,2025-10-07 20:23:39,1
aDNKgeIn,19,Family Meal,Wrap,8.72000026702881,15%-25%,Apple Channel,2025-10-07 20:23:39,1
aDNKgeIn,21,Lunch Combo,Wrap,9.69999980926514,30%-50%,Email Channel,2025-10-07 20:23:39,1
aDNKgeIn,23,Happy Hour,Sandwich,4.48999977111816,5%-10%,Apple Channel,2025-10-07 20:23:39,1
aDNKgeIn,24,2-for-1,Dessert,8.97000026702881,15%-25%,Apple Channel,2025-10-07 20:23:39,1
aDNKgeIn,25,2-for-1,Side,12.1899995803833,15%-25%,Android Channel,2025-10-07 20:23:39,1
aDNKgeIn,32,Happy Hour,Beverage,5.1100001335144,20%-30%,Email Channel,2025-10-07 20:23:39,1
aDNKgeIn,35,BOGO,Beverage,6.55000019073486,20%-30%,Email Channel,2025-10-07 20:23:39,1
aDNKgeIn,36,Value Deal,Dessert,9.10000038146973,10%-20%,Email Channel,2025-10-07 20:23:39,1
aDNKgeIn,41,2-for-1,Dessert,11.7399997711182,20%-30%,Email Channel,2025-10-07 20:23:39,1
aDNKgeIn,42,Family Meal,Salad,14.1800003051758,5%-10%,Android Channel,2025-10-07 20:23:39,1
aDNKgeIn,43,BOGO,Sandwich,9.68000030517578,10%-20%,Email Channel,2025-10-07 20:23:39,1
aDNKgeIn,44,2-for-1,Salad,6.78000020980835,30%-50%,Email Channel,2025-10-07 20:23:39,1
aDNKgeIn,46,BOGO,Dessert,9.85999965667725,30%-50%,Email Channel,2025-10-07 20:23:39,1
aDNKgeIn,47,2-for-1,Dessert,10.789999961853,20%-30%,Email Channel,2025-10-07 20:23:39,1
aDNKgeIn,48,BOGO,Dessert,8.36999988555908,5%-10%,Email Channel,2025-10-07 20:23:39,1
aDNKgeIn,52,Value Deal,Sandwich,7.57000017166138,20%-30%,Apple Channel,2025-10-07 20:23:39,1
aDNKgeIn,56,2-for-1,Sandwich,11.0900001525879,15%-25%,Email Channel,2025-10-07 20:23:39,1
aDNKgeIn,59,Lunch Combo,Dessert,12.539999961853,30%-50%,Email Channel,2025-10-07 20:23:39,1
aDNKgeIn,60,2-for-1,Salad,4.01000022888184,30%-50%,Apple Channel,2025-10-07 20:23:39,1
aDNKgeIn,62,Value Deal,Salad,9.32999992370605,15%-25%,Android Channel,2025-10-07 20:23:39,1
aDNKgeIn,63,Happy Hour,Wrap,5.71000003814697,20%-30%,Email Channel,2025-10-07 20:23:39,1
aDNKgeIn,64,Lunch Combo,Beverage,9.80000019073486,15%-25%,Email Channel,2025-10-07 20:23:39,1
aDNKgeIn,68,Happy Hour,Sandwich,8.73999977111816,30%-50%,Email Channel,2025-10-07 20:23:39,1
aDNKgeIn,69,Family Meal,Beverage,6.30999994277954,5%-10%,Email Channel,2025-10-07 20:23:39,1
aDNKgeIn,70,2-for-1,Wrap,12.75,20%-30%,Email Channel,2025-10-07 20:23:39,1
aDNKgeIn,71,Super Saver,Sandwich,8.75,30%-50%,Apple Channel,2025-10-07 20:23:39,1
aDNKgeIn,72,Super Saver,Beverage,10.5500001907349,30%-50%,Android Channel,2025-10-07 20:23:39,1
aDNKgeIn,73,Family Meal,Wrap,12.0500001907349,15%-25%,Email Channel,2025-10-07 20:23:39,1
aDNKgeIn,74,Super Saver,Side,9.06999969482422,20%-30%,Email Channel,2025-10-07 20:23:39,1
aDNKgeIn,76,Family Meal,Dessert,5.26000022888184,20%-30%,Android Channel,2025-10-07 20:23:39,1
aDNKgeIn,78,Super Saver,Side,7.86999988555908,15%-25%,Email Channel,2025-10-07 20:23:39,1
aDNKgeIn,80,Lunch Combo,Beverage,9.07999992370605,20%-30%,Email Channel,2025-10-07 20:23:39,1
aDNKgeIn,83,Lunch Combo,Wrap,8.72999954223633,20%-30%,Email Channel,2025-10-07 20:23:39,1
aDNKgeIn,85,Super Saver,Dessert,3.96000003814697,10%-20%,Email Channel,2025-10-07 20:23:39,1
aDNKgeIn,87,Value Deal,Salad,12.3199996948242,30%-50%,Email Channel,2025-10-07 20:23:39,1
aDNKgeIn,89,BOGO,Side,11.4399995803833,5%-10%,Email Channel,2025-10-07 20:23:39,1
aDNKgeIn,91,Value Deal,Salad,3.65000009536743,20%-30%,Email Channel,2025-10-07 20:23:39,1
aDNKgeIn,92,Value Deal,Beverage,11.6300001144409,30%-50%,Email Channel,2025-10-07 20:23:39,1
aDNKgeIn,94,Super Saver,Sandwich,6.71000003814697,20%-30%,Apple Channel,2025-10-07 20:23:39,1
aDNKgeIn,97,2-for-1,Sandwich,6.28000020980835,30%-50%,Email Channel,2025-10-07 20:23:39,1
aDNKgeIn,99,Value Deal,Wrap,7.01999998092651,20%-30%,Apple Channel,2025-10-07 20:23:39,1
PYvK2g5H,1,Value Deal,Sandwich,3.78999996185303,10%-20%,Email Channel,2025-10-07 20:23:39,1
PYvK2g5H,8,BOGO,Dessert,6.11999988555908,5%-10%,Email Channel,2025-10-07 20:23:39,1
PYvK2g5H,10,Value Deal,Salad,11.5699996948242,5%-10%,Apple Channel,2025-10-07 20:23:39,1
PYvK2g5H,13,2-for-1,Side,13.5799999237061,20%-30%,Android Channel,2025-10-07 20:23:39,1
PYvK2g5H,14,2-for-1,Salad,5.1100001335144,30%-50%,Email Channel,2025-10-07 20:23:39,1
PYvK2g5H,17,Family Meal,Beverage,10.3500003814697,15%-25%,Apple Channel,2025-10-07 20:23:39,1
PYvK2g5H,19,Family Meal,Wrap,8.72000026702881,15%-25%,Apple Channel,2025-10-07 20:23:39,1
PYvK2g5H,21,Lunch Combo,Wrap,9.69999980926514,30%-50%,Email Channel,2025-10-07 20:23:39,1
PYvK2g5H,23,Happy Hour,Sandwich,4.48999977111816,5%-10%,Apple Channel,2025-10-07 20:23:39,1
PYvK2g5H,24,2-for-1,Dessert,8.97000026702881,15%-25%,Apple Channel,2025-10-07 20:23:39,1
PYvK2g5H,25,2-for-1,Side,12.1899995803833,15%-25%,Android Channel,2025-10-07 20:23:39,1
PYvK2g5H,32,Happy Hour,Beverage,5.1100001335144,20%-30%,Email Channel,2025-10-07 20:23:39,1
PYvK2g5H,35,BOGO,Beverage,6.55000019073486,20%-30%,Email Channel,2025-10-07 20:23:39,1
PYvK2g5H,36,Value Deal,Dessert,9.10000038146973,10%-20%,Email Channel,2025-10-07 20:23:39,1
PYvK2g5H,41,2-for-1,Dessert,11.7399997711182,20%-30%,Email Channel,2025-10-07 20:23:39,1
PYvK2g5H,42,Family Meal,Salad,14.1800003051758,5%-10%,Android Channel,2025-10-07 20:23:39,1
PYvK2g5H,43,BOGO,Sandwich,9.68000030517578,10%-20%,Email Channel,2025-10-07 20:23:39,1
PYvK2g5H,44,2-for-1,Salad,6.78000020980835,30%-50%,Email Channel,2025-10-07 20:23:39,1
PYvK2g5H,46,BOGO,Dessert,9.85999965667725,30%-50%,Email Channel,2025-10-07 20:23:39,1
PYvK2g5H,47,2-for-1,Dessert,10.789999961853,20%-30%,Email Channel,2025-10-07 20:23:39,1
PYvK2g5H,48,BOGO,Dessert,8.36999988555908,5%-10%,Email Channel,2025-10-07 20:23:39,1
PYvK2g5H,52,Value Deal,Sandwich,7.57000017166138,20%-30%,Apple Channel,2025-10-07 20:23:39,1
PYvK2g5H,56,2-for-1,Sandwich,11.0900001525879,15%-25%,Email Channel,2025-10-07 20:23:39,1
PYvK2g5H,59,Lunch Combo,Dessert,12.539999961853,30%-50%,Email Channel,2025-10-07 20:23:39,1
PYvK2g5H,60,2-for-1,Salad,4.01000022888184,30%-50%,Apple Channel,2025-10-07 20:23:39,1
PYvK2g5H,62,Value Deal,Salad,9.32999992370605,15%-25%,Android Channel,2025-10-07 20:23:39,1
PYvK2g5H,63,Happy Hour,Wrap,5.71000003814697,20%-30%,Email Channel,2025-10-07 20:23:39,1
PYvK2g5H,64,Lunch Combo,Beverage,9.80000019073486,15%-25%,Email Channel,2025-10-07 20:23:39,1
PYvK2g5H,68,Happy Hour,Sandwich,8.73999977111816,30%-50%,Email Channel,2025-10-07 20:23:39,1
PYvK2g5H,69,Family Meal,Beverage,6.30999994277954,5%-10%,Email Channel,2025-10-07 20:23:39,1
PYvK2g5H,70,2-for-1,Wrap,12.75,20%-30%,Email Channel,2025-10-07 20:23:39,1
PYvK2g5H,71,Super Saver,Sandwich,8.75,30%-50%,Apple Channel,2025-10-07 20:23:39,1
PYvK2g5H,72,Super Saver,Beverage,10.5500001907349,30%-50%,Android Channel,2025-10-07 20:23:39,1
PYvK2g5H,73,Family Meal,Wrap,12.0500001907349,15%-25%,Email Channel,2025-10-07 20:23:39,1
PYvK2g5H,74,Super Saver,Side,9.06999969482422,20%-30%,Email Channel,2025-10-07 20:23:39,1
PYvK2g5H,76,Family Meal,Dessert,5.26000022888184,20%-30%,Android Channel,2025-10-07 20:23:39,1
PYvK2g5H,78,Super Saver,Side,7.86999988555908,15%-25%,Email Channel,2025-10-07 20:23:39,1
PYvK2g5H,80,Lunch Combo,Beverage,9.07999992370605,20%-30%,Email Channel,2025-10-07 20:23:39,1
PYvK2g5H,83,Lunch Combo,Wrap,8.72999954223633,20%-30%,Email Channel,2025-10-07 20:23:39,1
PYvK2g5H,85,Super Saver,Dessert,3.96000003814697,10%-20%,Email Channel,2025-10-07 20:23:39,1
PYvK2g5H,87,Value Deal,Salad,12.3199996948242,30%-50%,Email Channel,2025-10-07 20:23:39,1
PYvK2g5H,89,BOGO,Side,11.4399995803833,5%-10%,Email Channel,2025-10-07 20:23:39,1
PYvK2g5H,91,Value Deal,Salad,3.65000009536743,20%-30%,Email Channel,2025-10-07 20:23:39,1
PYvK2g5H,92,Value Deal,Beverage,11.6300001144409,30%-50%,Email Channel,2025-10-07 20:23:39,1
PYvK2g5H,94,Super Saver,Sandwich,6.71000003814697,20%-30%,Apple Channel,2025-10-07 20:23:39,1
PYvK2g5H,97,2-for-1,Sandwich,6.28000020980835,30%-50%,Email Channel,2025-10-07 20:23:39,1
PYvK2g5H,99,Value Deal,Wrap,7.01999998092651,20%-30%,Apple Channel,2025-10-07 20:23:39,1
o06UKuKM,1,Value Deal,Sandwich,3.78999996185303,10%-20%,Email Channel,2025-10-07 20:23:39,1
o06UKuKM,8,BOGO,Dessert,6.11999988555908,5%-10%,Email Channel,2025-10-07 20:23:39,1
o06UKuKM,10,Value Deal,Salad,11.5699996948242,5%-10%,Apple Channel,2025-10-07 20:23:39,1
o06UKuKM,13,2-for-1,Side,13.5799999237061,20%-30%,Android Channel,2025-10-07 20:23:39,1
o06UKuKM,14,2-for-1,Salad,5.1100001335144,30%-50%,Email Channel,2025-10-07 20:23:39,1
o06UKuKM,17,Family Meal,Beverage,10.3500003814697,15%-25%,Apple Channel,2025-10-07 20:23:39,1
o06UKuKM,19,Family Meal,Wrap,8.72000026702881,15%-25%,Apple Channel,2025-10-07 20:23:39,1
o06UKuKM,21,Lunch Combo,Wrap,9.69999980926514,30%-50%,Email Channel,2025-10-07 20:23:39,1
o06UKuKM,23,Happy Hour,Sandwich,4.48999977111816,5%-10%,Apple Channel,2025-10-07 20:23:39,1
o06UKuKM,24,2-for-1,Dessert,8.97000026702881,15%-25%,Apple Channel,2025-10-07 20:23:39,1
o06UKuKM,25,2-for-1,Side,12.1899995803833,15%-25%,Android Channel,2025-10-07 20:23:39,1
o06UKuKM,32,Happy Hour,Beverage,5.1100001335144,20%-30%,Email Channel,2025-10-07 20:23:39,1
o06UKuKM,35,BOGO,Beverage,6.55000019073486,20%-30%,Email Channel,2025-10-07 20:23:39,1
o06UKuKM,36,Value Deal,Dessert,9.10000038146973,10%-20%,Email Channel,2025-10-07 20:23:39,1
o06UKuKM,41,2-for-1,Dessert,11.7399997711182,20%-30%,Email Channel,2025-10-07 20:23:39,1
o06UKuKM,42,Family Meal,Salad,14.1800003051758,5%-10%,Android Channel,2025-10-07 20:23:39,1
o06UKuKM,43,BOGO,Sandwich,9.68000030517578,10%-20%,Email Channel,2025-10-07 20:23:39,1
o06UKuKM,44,2-for-1,Salad,6.78000020980835,30%-50%,Email Channel,2025-10-07 20:23:39,1
o06UKuKM,46,BOGO,Dessert,9.85999965667725,30%-50%,Email Channel,2025-10-07 20:23:39,1
o06UKuKM,47,2-for-1,Dessert,10.789999961853,20%-30%,Email Channel,2025-10-07 20:23:39,1
o06UKuKM,48,BOGO,Dessert,8.36999988555908,5%-10%,Email Channel,2025-10-07 20:23:39,1
o06UKuKM,52,Value Deal,Sandwich,7.57000017166138,20%-30%,Apple Channel,2025-10-07 20:23:39,1
o06UKuKM,56,2-for-1,Sandwich,11.0900001525879,15%-25%,Email Channel,2025-10-07 20:23:39,1
o06UKuKM,59,Lunch Combo,Dessert,12.539999961853,30%-50%,Email Channel,2025-10-07 20:23:39,1
o06UKuKM,60,2-for-1,Salad,4.01000022888184,30%-50%,Apple Channel,2025-10-07 20:23:39,1
o06UKuKM,62,Value Deal,Salad,9.32999992370605,15%-25%,Android Channel,2025-10-07 20:23:39,1
o06UKuKM,63,Happy Hour,Wrap,5.71000003814697,20%-30%,Email Channel,2025-10-07 20:23:39,1
o06UKuKM,64,Lunch Combo,Beverage,9.80000019073486,15%-25%,Email Channel,2025-10-07 20:23:39,1
o06UKuKM,68,Happy Hour,Sandwich,8.73999977111816,30%-50%,Email Channel,2025-10-07 20:23:39,1
o06UKuKM,69,Family Meal,Beverage,6.30999994277954,5%-10%,Email Channel,2025-10-07 20:23:39,1
o06UKuKM,70,2-for-1,Wrap,12.75,20%-30%,Email Channel,2025-10-07 20:23:39,1
o06UKuKM,71,Super Saver,Sandwich,8.75,30%-50%,Apple Channel,2025-10-07 20:23:39,1
o06UKuKM,72,Super Saver,Beverage,10.5500001907349,30%-50%,Android Channel,2025-10-07 20:23:39,1
o06UKuKM,73,Family Meal,Wrap,12.0500001907349,15%-25%,Email Channel,2025-10-07 20:23:39,1
o06UKuKM,74,Super Saver,Side,9.06999969482422,20%-30%,Email Channel,2025-10-07 20:23:39,1
o06UKuKM,76,Family Meal,Dessert,5.26000022888184,20%-30%,Android Channel,2025-10-07 20:23:39,1
o06UKuKM,78,Super Saver,Side,7.86999988555908,15%-25%,Email Channel,2025-10-07 20:23:39,1
o06UKuKM,80,Lunch Combo,Beverage,9.07999992370605,20%-30%,Email Channel,2025-10-07 20:23:39,1
o06UKuKM,83,Lunch Combo,Wrap,8.72999954223633,20%-30%,Email Channel,2025-10-07 20:23:39,1
o06UKuKM,85,Super Saver,Dessert,3.96000003814697,10%-20%,Email Channel,2025-10-07 20:23:39,1
o06UKuKM,87,Value Deal,Salad,12.3199996948242,30%-50%,Email Channel,2025-10-07 20:23:39,1
o06UKuKM,89,BOGO,Side,11.4399995803833,5%-10%,Email Channel,2025-10-07 20:23:39,1
o06UKuKM,91,Value Deal,Salad,3.65000009536743,20%-30%,Email Channel,2025-10-07 20:23:39,1
o06UKuKM,92,Value Deal,Beverage,11.6300001144409,30%-50%,Email Channel,2025-10-07 20:23:39,1
o06UKuKM,94,Super Saver,Sandwich,6.71000003814697,20%-30%,Apple Channel,2025-10-07 20:23:39,1
o06UKuKM,97,2-for-1,Sandwich,6.28000020980835,30%-50%,Email Channel,2025-10-07 20:23:39,1
o06UKuKM,99,Value Deal,Wrap,7.01999998092651,20%-30%,Apple Channel,2025-10-07 20:23:39,1
o06UKuKM,1,Value Deal,Sandwich,3.78999996185303,10%-20%,Email Channel,2025-10-07 20:23:39,1
o06UKuKM,8,BOGO,Dessert,6.11999988555908,5%-10%,Email Channel,2025-10-07 20:23:39,1
o06UKuKM,10,Value Deal,Salad,11.5699996948242,5%-10%,Apple Channel,2025-10-07 20:23:39,1
o06UKuKM,13,2-for-1,Side,13.5799999237061,20%-30%,Android Channel,2025-10-07 20:23:39,1
o06UKuKM,14,2-for-1,Salad,5.1100001335144,30%-50%,Email Channel,2025-10-07 20:23:39,1
o06UKuKM,17,Family Meal,Beverage,10.3500003814697,15%-25%,Apple Channel,2025-10-07 20:23:39,1
o06UKuKM,19,Family Meal,Wrap,8.72000026702881,15%-25%,Apple Channel,2025-10-07 20:23:39,1
o06UKuKM,21,Lunch Combo,Wrap,9.69999980926514,30%-50%,Email Channel,2025-10-07 20:23:39,1
o06UKuKM,23,Happy Hour,Sandwich,4.48999977111816,5%-10%,Apple Channel,2025-10-07 20:23:39,1
o06UKuKM,24,2-for-1,Dessert,8.97000026702881,15%-25%,Apple Channel,2025-10-07 20:23:39,1
o06UKuKM,25,2-for-1,Side,12.1899995803833,15%-25%,Android Channel,2025-10-07 20:23:39,1
o06UKuKM,32,Happy Hour,Beverage,5.1100001335144,20%-30%,Email Channel,2025-10-07 20:23:39,1
o06UKuKM,35,BOGO,Beverage,6.55000019073486,20%-30%,Email Channel,2025-10-07 20:23:39,1
o06UKuKM,36,Value Deal,Dessert,9.10000038146973,10%-20%,Email Channel,2025-10-07 20:23:39,1
o06UKuKM,41,2-for-1,Dessert,11.7399997711182,20%-30%,Email Channel,2025-10-07 20:23:39,1
o06UKuKM,42,Family Meal,Salad,14.1800003051758,5%-10%,Android Channel,2025-10-07 20:23:39,1
o06UKuKM,43,BOGO,Sandwich,9.68000030517578,10%-20%,Email Channel,2025-10-07 20:23:39,1
o06UKuKM,44,2-for-1,Salad,6.78000020980835,30%-50%,Email Channel,2025-10-07 20:23:39,1
o06UKuKM,46,BOGO,Dessert,9.85999965667725,30%-50%,Email Channel,2025-10-07 20:23:39,1
o06UKuKM,47,2-for-1,Dessert,10.789999961853,20%-30%,Email Channel,2025-10-07 20:23:39,1
o06UKuKM,48,BOGO,Dessert,8.36999988555908,5%-10%,Email Channel,2025-10-07 20:23:39,1
o06UKuKM,52,Value Deal,Sandwich,7.57000017166138,20%-30%,Apple Channel,2025-10-07 20:23:39,1
o06UKuKM,56,2-for-1,Sandwich,11.0900001525879,15%-25%,Email Channel,2025-10-07 20:23:39,1
o06UKuKM,59,Lunch Combo,Dessert,12.539999961853,30%-50%,Email Channel,2025-10-07 20:23:39,1
o06UKuKM,60,2-for-1,Salad,4.01000022888184,30%-50%,Apple Channel,2025-10-07 20:23:39,1
o06UKuKM,62,Value Deal,Salad,9.32999992370605,15%-25%,Android Channel,2025-10-07 20:23:39,1
o06UKuKM,63,Happy Hour,Wrap,5.71000003814697,20%-30%,Email Channel,2025-10-07 20:23:39,1
o06UKuKM,64,Lunch Combo,Beverage,9.80000019073486,15%-25%,Email Channel,2025-10-07 20:23:39,1
o06UKuKM,68,Happy Hour,Sandwich,8.73999977111816,30%-50%,Email Channel,2025-10-07 20:23:39,1
o06UKuKM,69,Family Meal,Beverage,6.30999994277954,5%-10%,Email Channel,2025-10-07 20:23:39,1
o06UKuKM,70,2-for-1,Wrap,12.75,20%-30%,Email Channel,2025-10-07 20:23:39,1
o06UKuKM,71,Super Saver,Sandwich,8.75,30%-50%,Apple Channel,2025-10-07 20:23:39,1
o06UKuKM,72,Super Saver,Beverage,10.5500001907349,30%-50%,Android Channel,2025-10-07 20:23:39,1
o06UKuKM,73,Family Meal,Wrap,12.0500001907349,15%-25%,Email Channel,2025-10-07 20:23:39,1
o06UKuKM,74,Super Saver,Side,9.06999969482422,20%-30%,Email Channel,2025-10-07 20:23:39,1
o06UKuKM,76,Family Meal,Dessert,5.26000022888184,20%-30%,Android Channel,2025-10-07 20:23:39,1
o06UKuKM,78,Super Saver,Side,7.86999988555908,15%-25%,Email Channel,2025-10-07 20:23:39,1
o06UKuKM,80,Lunch Combo,Beverage,9.07999992370605,20%-30%,Email Channel,2025-10-07 20:23:39,1
o06UKuKM,83,Lunch Combo,Wrap,8.72999954223633,20%-30%,Email Channel,2025-10-07 20:23:39,1
o06UKuKM,85,Super Saver,Dessert,3.96000003814697,10%-20%,Email Channel,2025-10-07 20:23:39,1
o06UKuKM,87,Value Deal,Salad,12.3199996948242,30%-50%,Email Channel,2025-10-07 20:23:39,1
o06UKuKM,89,BOGO,Side,11.4399995803833,5%-10%,Email Channel,2025-10-07 20:23:39,1
o06UKuKM,91,Value Deal,Salad,3.65000009536743,20%-30%,Email Channel,2025-10-07 20:23:39,1
o06UKuKM,92,Value Deal,Beverage,11.6300001144409,30%-50%,Email Channel,2025-10-07 20:23:39,1
o06UKuKM,94,Super Saver,Sandwich,6.71000003814697,20%-30%,Apple Channel,2025-10-07 20:23:39,1
o06UKuKM,97,2-for-1,Sandwich,6.28000020980835,30%-50%,Email Channel,2025-10-07 20:23:39,1
o06UKuKM,99,Value Deal,Wrap,7.01999998092651,20%-30%,Apple Channel,2025-10-07 20:23:39,1
mvAK56Dj,1,Value Deal,Sandwich,3.78999996185303,10%-20%,Email Channel,2025-10-07 20:23:39,1
mvAK56Dj,8,BOGO,Dessert,6.11999988555908,5%-10%,Email Channel,2025-10-07 20:23:39,1
mvAK56Dj,10,Value Deal,Salad,11.5699996948242,5%-10%,Apple Channel,2025-10-07 20:23:39,1
mvAK56Dj,13,2-for-1,Side,13.5799999237061,20%-30%,Android Channel,2025-10-07 20:23:39,1
mvAK56Dj,14,2-for-1,Salad,5.1100001335144,30%-50%,Email Channel,2025-10-07 20:23:39,1
mvAK56Dj,17,Family Meal,Beverage,10.3500003814697,15%-25%,Apple Channel,2025-10-07 20:23:39,1
mvAK56Dj,19,Family Meal,Wrap,8.72000026702881,15%-25%,Apple Channel,2025-10-07 20:23:39,1
mvAK56Dj,21,Lunch Combo,Wrap,9.69999980926514,30%-50%,Email Channel,2025-10-07 20:23:39,1
mvAK56Dj,23,Happy Hour,Sandwich,4.48999977111816,5%-10%,Apple Channel,2025-10-07 20:23:39,1
mvAK56Dj,24,2-for-1,Dessert,8.97000026702881,15%-25%,Apple Channel,2025-10-07 20:23:39,1
mvAK56Dj,25,2-for-1,Side,12.1899995803833,15%-25%,Android Channel,2025-10-07 20:23:39,1
mvAK56Dj,32,Happy Hour,Beverage,5.1100001335144,20%-30%,Email Channel,2025-10-07 20:23:39,1
mvAK56Dj,35,BOGO,Beverage,6.55000019073486,20%-30%,Email Channel,2025-10-07 20:23:39,1
mvAK56Dj,36,Value Deal,Dessert,9.10000038146973,10%-20%,Email Channel,2025-10-07 20:23:39,1
mvAK56Dj,41,2-for-1,Dessert,11.7399997711182,20%-30%,Email Channel,2025-10-07 20:23:39,1
mvAK56Dj,42,Family Meal,Salad,14.1800003051758,5%-10%,Android Channel,2025-10-07 20:23:39,1
mvAK56Dj,43,BOGO,Sandwich,9.68000030517578,10%-20%,Email Channel,2025-10-07 20:23:39,1
mvAK56Dj,44,2-for-1,Salad,6.78000020980835,30%-50%,Email Channel,2025-10-07 20:23:39,1
mvAK56Dj,46,BOGO,Dessert,9.85999965667725,30%-50%,Email Channel,2025-10-07 20:23:39,1
mvAK56Dj,47,2-for-1,Dessert,10.789999961853,20%-30%,Email Channel,2025-10-07 20:23:39,1
mvAK56Dj,48,BOGO,Dessert,8.36999988555908,5%-10%,Email Channel,2025-10-07 20:23:39,1
mvAK56Dj,52,Value Deal,Sandwich,7.57000017166138,20%-30%,Apple Channel,2025-10-07 20:23:39,1
mvAK56Dj,56,2-for-1,Sandwich,11.0900001525879,15%-25%,Email Channel,2025-10-07 20:23:39,1
mvAK56Dj,59,Lunch Combo,Dessert,12.539999961853,30%-50%,Email Channel,2025-10-07 20:23:39,1
mvAK56Dj,60,2-for-1,Salad,4.01000022888184,30%-50%,Apple Channel,2025-10-07 20:23:39,1
mvAK56Dj,62,Value Deal,Salad,9.32999992370605,15%-25%,Android Channel,2025-10-07 20:23:39,1
mvAK56Dj,63,Happy Hour,Wrap,5.71000003814697,20%-30%,Email Channel,2025-10-07 20:23:39,1
mvAK56Dj,64,Lunch Combo,Beverage,9.80000019073486,15%-25%,Email Channel,2025-10-07 20:23:39,1
mvAK56Dj,68,Happy Hour,Sandwich,8.73999977111816,30%-50%,Email Channel,2025-10-07 20:23:39,1
mvAK56Dj,69,Family Meal,Beverage,6.30999994277954,5%-10%,Email Channel,2025-10-07 20:23:39,1
mvAK56Dj,70,2-for-1,Wrap,12.75,20%-30%,Email Channel,2025-10-07 20:23:39,1
mvAK56Dj,71,Super Saver,Sandwich,8.75,30%-50%,Apple Channel,2025-10-07 20:23:39,1
mvAK56Dj,72,Super Saver,Beverage,10.5500001907349,30%-50%,Android Channel,2025-10-07 20:23:39,1
mvAK56Dj,73,Family Meal,Wrap,12.0500001907349,15%-25%,Email Channel,2025-10-07 20:23:39,1
mvAK56Dj,74,Super Saver,Side,9.06999969482422,20%-30%,Email Channel,2025-10-07 20:23:39,1
mvAK56Dj,76,Family Meal,Dessert,5.26000022888184,20%-30%,Android Channel,2025-10-07 20:23:39,1
mvAK56Dj,78,Super Saver,Side,7.86999988555908,15%-25%,Email Channel,2025-10-07 20:23:39,1
mvAK56Dj,80,Lunch Combo,Beverage,9.07999992370605,20%-30%,Email Channel,2025-10-07 20:23:39,1
mvAK56Dj,83,Lunch Combo,Wrap,8.72999954223633,20%-30%,Email Channel,2025-10-07 20:23:39,1
mvAK56Dj,85,Super Saver,Dessert,3.96000003814697,10%-20%,Email Channel,2025-10-07 20:23:39,1
mvAK56Dj,87,Value Deal,Salad,12.3199996948242,30%-50%,Email Channel,2025-10-07 20:23:39,1
mvAK56Dj,89,BOGO,Side,11.4399995803833,5%-10%,Email Channel,2025-10-07 20:23:39,1
mvAK56Dj,91,Value Deal,Salad,3.65000009536743,20%-30%,Email Channel,2025-10-07 20:23:39,1
mvAK56Dj,92,Value Deal,Beverage,11.6300001144409,30%-50%,Email Channel,2025-10-07 20:23:39,1
mvAK56Dj,94,Super Saver,Sandwich,6.71000003814697,20%-30%,Apple Channel,2025-10-07 20:23:39,1
mvAK56Dj,97,2-for-1,Sandwich,6.28000020980835,30%-50%,Email Channel,2025-10-07 20:23:39,1
mvAK56Dj,99,Value Deal,Wrap,7.01999998092651,20%-30%,Apple Channel,2025-10-07 20:23:39,1
Y59YVkQf,1,Value Deal,Sandwich,3.78999996185303,10%-20%,Email Channel,2025-10-07 20:23:39,1
Y59YVkQf,8,BOGO,Dessert,6.11999988555908,5%-10%,Email Channel,2025-10-07 20:23:39,1
Y59YVkQf,10,Value Deal,Salad,11.5699996948242,5%-10%,Apple Channel,2025-10-07 20:23:39,1
Y59YVkQf,13,2-for-1,Side,13.5799999237061,20%-30%,Android Channel,2025-10-07 20:23:39,1
Y59YVkQf,14,2-for-1,Salad,5.1100001335144,30%-50%,Email Channel,2025-10-07 20:23:39,1
Y59YVkQf,17,Family Meal,Beverage,10.3500003814697,15%-25%,Apple Channel,2025-10-07 20:23:39,1
Y59YVkQf,19,Family Meal,Wrap,8.72000026702881,15%-25%,Apple Channel,2025-10-07 20:23:39,1
Y59YVkQf,21,Lunch Combo,Wrap,9.69999980926514,30%-50%,Email Channel,2025-10-07 20:23:39,1
Y59YVkQf,23,Happy Hour,Sandwich,4.48999977111816,5%-10%,Apple Channel,2025-10-07 20:23:39,1
Y59YVkQf,24,2-for-1,Dessert,8.97000026702881,15%-25%,Apple Channel,2025-10-07 20:23:39,1
Y59YVkQf,25,2-for-1,Side,12.1899995803833,15%-25%,Android Channel,2025-10-07 20:23:39,1
Y59YVkQf,32,Happy Hour,Beverage,5.1100001335144,20%-30%,Email Channel,2025-10-07 20:23:39,1
Y59YVkQf,35,BOGO,Beverage,6.55000019073486,20%-30%,Email Channel,2025-10-07 20:23:39,1
Y59YVkQf,36,Value Deal,Dessert,9.10000038146973,10%-20%,Email Channel,2025-10-07 20:23:39,1
Y59YVkQf,41,2-for-1,Dessert,11.7399997711182,20%-30%,Email Channel,2025-10-07 20:23:39,1
Y59YVkQf,42,Family Meal,Salad,14.1800003051758,5%-10%,Android Channel,2025-10-07 20:23:39,1
Y59YVkQf,43,BOGO,Sandwich,9.68000030517578,10%-20%,Email Channel,2025-10-07 20:23:39,1
Y59YVkQf,44,2-for-1,Salad,6.78000020980835,30%-50%,Email Channel,2025-10-07 20:23:39,1
Y59YVkQf,46,BOGO,Dessert,9.85999965667725,30%-50%,Email Channel,2025-10-07 20:23:39,1
Y59YVkQf,47,2-for-1,Dessert,10.789999961853,20%-30%,Email Channel,2025-10-07 20:23:39,1
Y59YVkQf,48,BOGO,Dessert,8.36999988555908,5%-10%,Email Channel,2025-10-07 20:23:39,1
Y59YVkQf,52,Value Deal,Sandwich,7.57000017166138,20%-30%,Apple Channel,2025-10-07 20:23:39,1
Y59YVkQf,56,2-for-1,Sandwich,11.0900001525879,15%-25%,Email Channel,2025-10-07 20:23:39,1
Y59YVkQf,59,Lunch Combo,Dessert,12.539999961853,30%-50%,Email Channel,2025-10-07 20:23:39,1
Y59YVkQf,60,2-for-1,Salad,4.01000022888184,30%-50%,Apple Channel,2025-10-07 20:23:39,1
Y59YVkQf,62,Value Deal,Salad,9.32999992370605,15%-25%,Android Channel,2025-10-07 20:23:39,1
Y59YVkQf,63,Happy Hour,Wrap,5.71000003814697,20%-30%,Email Channel,2025-10-07 20:23:39,1
Y59YVkQf,64,Lunch Combo,Beverage,9.80000019073486,15%-25%,Email Channel,2025-10-07 20:23:39,1
Y59YVkQf,68,Happy Hour,Sandwich,8.73999977111816,30%-50%,Email Channel,2025-10-07 20:23:39,1
Y59YVkQf,69,Family Meal,Beverage,6.30999994277954,5%-10%,Email Channel,2025-10-07 20:23:39,1
Y59YVkQf,70,2-for-1,Wrap,12.75,20%-30%,Email Channel,2025-10-07 20:23:39,1
Y59YVkQf,71,Super Saver,Sandwich,8.75,30%-50%,Apple Channel,2025-10-07 20:23:39,1
Y59YVkQf,72,Super Saver,Beverage,10.5500001907349,30%-50%,Android Channel,2025-10-07 20:23:39,1
Y59YVkQf,73,Family Meal,Wrap,12.0500001907349,15%-25%,Email Channel,2025-10-07 20:23:39,1
Y59YVkQf,74,Super Saver,Side,9.06999969482422,20%-30%,Email Channel,2025-10-07 20:23:39,1
Y59YVkQf,76,Family Meal,Dessert,5.26000022888184,20%-30%,Android Channel,2025-10-07 20:23:39,1
Y59YVkQf,78,Super Saver,Side,7.86999988555908,15%-25%,Email Channel,2025-10-07 20:23:39,1
Y59YVkQf,80,Lunch Combo,Beverage,9.07999992370605,20%-30%,Email Channel,2025-10-07 20:23:39,1
Y59YVkQf,83,Lunch Combo,Wrap,8.72999954223633,20%-30%,Email Channel,2025-10-07 20:23:39,1
Y59YVkQf,85,Super Saver,Dessert,3.96000003814697,10%-20%,Email Channel,2025-10-07 20:23:39,1
Y59YVkQf,87,Value Deal,Salad,12.3199996948242,30%-50%,Email Channel,2025-10-07 20:23:39,1
Y59YVkQf,89,BOGO,Side,11.4399995803833,5%-10%,Email Channel,2025-10-07 20:23:39,1
Y59YVkQf,91,Value Deal,Salad,3.65000009536743,20%-30%,Email Channel,2025-10-07 20:23:39,1
Y59YVkQf,92,Value Deal,Beverage,11.6300001144409,30%-50%,Email Channel,2025-10-07 20:23:39,1
Y59YVkQf,94,Super Saver,Sandwich,6.71000003814697,20%-30%,Apple Channel,2025-10-07 20:23:39,1
Y59YVkQf,97,2-for-1,Sandwich,6.28000020980835,30%-50%,Email Channel,2025-10-07 20:23:39,1
Y59YVkQf,99,Value Deal,Wrap,7.01999998092651,20%-30%,Apple Channel,2025-10-07 20:23:39,1
zLhww2DN,1,Value Deal,Sandwich,3.78999996185303,10%-20%,Email Channel,2025-10-07 20:23:39,1
zLhww2DN,8,BOGO,Dessert,6.11999988555908,5%-10%,Email Channel,2025-10-07 20:23:39,1
zLhww2DN,10,Value Deal,Salad,11.5699996948242,5%-10%,Apple Channel,2025-10-07 20:23:39,1
zLhww2DN,13,2-for-1,Side,13.5799999237061,20%-30%,Android Channel,2025-10-07 20:23:39,1
zLhww2DN,14,2-for-1,Salad,5.1100001335144,30%-50%,Email Channel,2025-10-07 20:23:39,1
zLhww2DN,17,Family Meal,Beverage,10.3500003814697,15%-25%,Apple Channel,2025-10-07 20:23:39,1
zLhww2DN,19,Family Meal,Wrap,8.72000026702881,15%-25%,Apple Channel,2025-10-07 20:23:39,1
zLhww2DN,21,Lunch Combo,Wrap,9.69999980926514,30%-50%,Email Channel,2025-10-07 20:23:39,1
zLhww2DN,23,Happy Hour,Sandwich,4.48999977111816,5%-10%,Apple Channel,2025-10-07 20:23:39,1
zLhww2DN,24,2-for-1,Dessert,8.97000026702881,15%-25%,Apple Channel,2025-10-07 20:23:39,1
zLhww2DN,25,2-for-1,Side,12.1899995803833,15%-25%,Android Channel,2025-10-07 20:23:39,1
zLhww2DN,32,Happy Hour,Beverage,5.1100001335144,20%-30%,Email Channel,2025-10-07 20:23:39,1
zLhww2DN,35,BOGO,Beverage,6.55000019073486,20%-30%,Email Channel,2025-10-07 20:23:39,1
zLhww2DN,36,Value Deal,Dessert,9.10000038146973,10%-20%,Email Channel,2025-10-07 20:23:39,1
zLhww2DN,41,2-for-1,Dessert,11.7399997711182,20%-30%,Email Channel,2025-10-07 20:23:39,1
zLhww2DN,42,Family Meal,Salad,14.1800003051758,5%-10%,Android Channel,2025-10-07 20:23:39,1
zLhww2DN,43,BOGO,Sandwich,9.68000030517578,10%-20%,Email Channel,2025-10-07 20:23:39,1
zLhww2DN,44,2-for-1,Salad,6.78000020980835,30%-50%,Email Channel,2025-10-07 20:23:39,1
zLhww2DN,46,BOGO,Dessert,9.85999965667725,30%-50%,Email Channel,2025-10-07 20:23:39,1
zLhww2DN,47,2-for-1,Dessert,10.789999961853,20%-30%,Email Channel,2025-10-07 20:23:39,1
zLhww2DN,48,BOGO,Dessert,8.36999988555908,5%-10%,Email Channel,2025-10-07 20:23:39,1
zLhww2DN,52,Value Deal,Sandwich,7.57000017166138,20%-30%,Apple Channel,2025-10-07 20:23:39,1
zLhww2DN,56,2-for-1,Sandwich,11.0900001525879,15%-25%,Email Channel,2025-10-07 20:23:39,1
zLhww2DN,59,Lunch Combo,Dessert,12.539999961853,30%-50%,Email Channel,2025-10-07 20:23:39,1
zLhww2DN,60,2-for-1,Salad,4.01000022888184,30%-50%,Apple Channel,2025-10-07 20:23:39,1
zLhww2DN,62,Value Deal,Salad,9.32999992370605,15%-25%,Android Channel,2025-10-07 20:23:39,1
zLhww2DN,63,Happy Hour,Wrap,5.71000003814697,20%-30%,Email Channel,2025-10-07 20:23:39,1
zLhww2DN,64,Lunch Combo,Beverage,9.80000019073486,15%-25%,Email Channel,2025-10-07 20:23:39,1
zLhww2DN,68,Happy Hour,Sandwich,8.73999977111816,30%-50%,Email Channel,2025-10-07 20:23:39,1
zLhww2DN,69,Family Meal,Beverage,6.30999994277954,5%-10%,Email Channel,2025-10-07 20:23:39,1
zLhww2DN,70,2-for-1,Wrap,12.75,20%-30%,Email Channel,2025-10-07 20:23:39,1
zLhww2DN,71,Super Saver,Sandwich,8.75,30%-50%,Apple Channel,2025-10-07 20:23:39,1
zLhww2DN,72,Super Saver,Beverage,10.5500001907349,30%-50%,Android Channel,2025-10-07 20:23:39,1
zLhww2DN,73,Family Meal,Wrap,12.0500001907349,15%-25%,Email Channel,2025-10-07 20:23:39,1
zLhww2DN,74,Super Saver,Side,9.06999969482422,20%-30%,Email Channel,2025-10-07 20:23:39,1
zLhww2DN,76,Family Meal,Dessert,5.26000022888184,20%-30%,Android Channel,2025-10-07 20:23:39,1
zLhww2DN,78,Super Saver,Side,7.86999988555908,15%-25%,Email Channel,2025-10-07 20:23:39,1
zLhww2DN,80,Lunch Combo,Beverage,9.07999992370605,20%-30%,Email Channel,2025-10-07 20:23:39,1
zLhww2DN,83,Lunch Combo,Wrap,8.72999954223633,20%-30%,Email Channel,2025-10-07 20:23:39,1
zLhww2DN,85,Super Saver,Dessert,3.96000003814697,10%-20%,Email Channel,2025-10-07 20:23:39,1
zLhww2DN,87,Value Deal,Salad,12.3199996948242,30%-50%,Email Channel,2025-10-07 20:23:39,1
zLhww2DN,89,BOGO,Side,11.4399995803833,5%-10%,Email Channel,2025-10-07 20:23:39,1
zLhww2DN,91,Value Deal,Salad,3.65000009536743,20%-30%,Email Channel,2025-10-07 20:23:39,1
zLhww2DN,92,Value Deal,Beverage,11.6300001144409,30%-50%,Email Channel,2025-10-07 20:23:39,1
zLhww2DN,94,Super Saver,Sandwich,6.71000003814697,20%-30%,Apple Channel,2025-10-07 20:23:39,1
zLhww2DN,97,2-for-1,Sandwich,6.28000020980835,30%-50%,Email Channel,2025-10-07 20:23:39,1
zLhww2DN,99,Value Deal,Wrap,7.01999998092651,20%-30%,Apple Channel,2025-10-07 20:23:39,1
oavw1O9Z,1,Value Deal,Sandwich,3.78999996185303,10%-20%,Email Channel,2025-10-07 20:23:39,1
oavw1O9Z,8,BOGO,Dessert,6.11999988555908,5%-10%,Email Channel,2025-10-07 20:23:39,1
oavw1O9Z,10,Value Deal,Salad,11.5699996948242,5%-10%,Apple Channel,2025-10-07 20:23:39,1
oavw1O9Z,13,2-for-1,Side,13.5799999237061,20%-30%,Android Channel,2025-10-07 20:23:39,1
oavw1O9Z,14,2-for-1,Salad,5.1100001335144,30%-50%,Email Channel,2025-10-07 20:23:39,1
oavw1O9Z,17,Family Meal,Beverage,10.3500003814697,15%-25%,Apple Channel,2025-10-07 20:23:39,1
oavw1O9Z,19,Family Meal,Wrap,8.72000026702881,15%-25%,Apple Channel,2025-10-07 20:23:39,1
oavw1O9Z,21,Lunch Combo,Wrap,9.69999980926514,30%-50%,Email Channel,2025-10-07 20:23:39,1
oavw1O9Z,23,Happy Hour,Sandwich,4.48999977111816,5%-10%,Apple Channel,2025-10-07 20:23:39,1
oavw1O9Z,25,2-for-1,Side,12.1899995803833,15%-25%,Android Channel,2025-10-07 20:23:39,1
oavw1O9Z,32,Happy Hour,Beverage,5.1100001335144,20%-30%,Email Channel,2025-10-07 20:23:39,1
oavw1O9Z,35,BOGO,Beverage,6.55000019073486,20%-30%,Email Channel,2025-10-07 20:23:39,1
oavw1O9Z,36,Value Deal,Dessert,9.10000038146973,10%-20%,Email Channel,2025-10-07 20:23:39,1
oavw1O9Z,41,2-for-1,Dessert,11.7399997711182,20%-30%,Email Channel,2025-10-07 20:23:39,1
oavw1O9Z,42,Family Meal,Salad,14.1800003051758,5%-10%,Android Channel,2025-10-07 20:23:39,1
oavw1O9Z,43,BOGO,Sandwich,9.68000030517578,10%-20%,Email Channel,2025-10-07 20:23:39,1
oavw1O9Z,44,2-for-1,Salad,6.78000020980835,30%-50%,Email Channel,2025-10-07 20:23:39,1
oavw1O9Z,46,BOGO,Dessert,9.85999965667725,30%-50%,Email Channel,2025-10-07 20:23:39,1
oavw1O9Z,47,2-for-1,Dessert,10.789999961853,20%-30%,Email Channel,2025-10-07 20:23:39,1
oavw1O9Z,48,BOGO,Dessert,8.36999988555908,5%-10%,Email Channel,2025-10-07 20:23:39,1
oavw1O9Z,52,Value Deal,Sandwich,7.57000017166138,20%-30%,Apple Channel,2025-10-07 20:23:39,1
oavw1O9Z,56,2-for-1,Sandwich,11.0900001525879,15%-25%,Email Channel,2025-10-07 20:23:39,1
oavw1O9Z,59,Lunch Combo,Dessert,12.539999961853,30%-50%,Email Channel,2025-10-07 20:23:39,1
oavw1O9Z,60,2-for-1,Salad,4.01000022888184,30%-50%,Apple Channel,2025-10-07 20:23:39,1
oavw1O9Z,62,Value Deal,Salad,9.32999992370605,15%-25%,Android Channel,2025-10-07 20:23:39,1
oavw1O9Z,63,Happy Hour,Wrap,5.71000003814697,20%-30%,Email Channel,2025-10-07 20:23:39,1
oavw1O9Z,64,Lunch Combo,Beverage,9.80000019073486,15%-25%,Email Channel,2025-10-07 20:23:39,1
oavw1O9Z,68,Happy Hour,Sandwich,8.73999977111816,30%-50%,Email Channel,2025-10-07 20:23:39,1
oavw1O9Z,69,Family Meal,Beverage,6.30999994277954,5%-10%,Email Channel,2025-10-07 20:23:39,1
oavw1O9Z,70,2-for-1,Wrap,12.75,20%-30%,Email Channel,2025-10-07 20:23:39,1
oavw1O9Z,71,Super Saver,Sandwich,8.75,30%-50%,Apple Channel,2025-10-07 20:23:39,1
oavw1O9Z,72,Super Saver,Beverage,10.5500001907349,30%-50%,Android Channel,2025-10-07 20:23:39,1
oavw1O9Z,73,Family Meal,Wrap,12.0500001907349,15%-25%,Email Channel,2025-10-07 20:23:39,1
oavw1O9Z,74,Super Saver,Side,9.06999969482422,20%-30%,Email Channel,2025-10-07 20:23:39,1
oavw1O9Z,76,Family Meal,Dessert,5.26000022888184,20%-30%,Android Channel,2025-10-07 20:23:39,1
oavw1O9Z,78,Super Saver,Side,7.86999988555908,15%-25%,Email Channel,2025-10-07 20:23:39,1
oavw1O9Z,80,Lunch Combo,Beverage,9.07999992370605,20%-30%,Email Channel,2025-10-07 20:23:39,1
oavw1O9Z,83,Lunch Combo,Wrap,8.72999954223633,20%-30%,Email Channel,2025-10-07 20:23:39,1
oavw1O9Z,85,Super Saver,Dessert,3.96000003814697,10%-20%,Email Channel,2025-10-07 20:23:39,1
oavw1O9Z,87,Value Deal,Salad,12.3199996948242,30%-50%,Email Channel,2025-10-07 20:23:39,1
oavw1O9Z,89,BOGO,Side,11.4399995803833,5%-10%,Email Channel,2025-10-07 20:23:39,1
oavw1O9Z,91,Value Deal,Salad,3.65000009536743,20%-30%,Email Channel,2025-10-07 20:23:39,1
oavw1O9Z,92,Value Deal,Beverage,11.6300001144409,30%-50%,Email Channel,2025-10-07 20:23:39,1
oavw1O9Z,94,Super Saver,Sandwich,6.71000003814697,20%-30%,Apple Channel,2025-10-07 20:23:39,1
oavw1O9Z,97,2-for-1,Sandwich,6.28000020980835,30%-50%,Email Channel,2025-10-07 20:23:39,1
oavw1O9Z,99,Value Deal,Wrap,7.01999998092651,20%-30%,Apple Channel,2025-10-07 20:23:39,1
kyayq7YY,1,Value Deal,Sandwich,3.78999996185303,10%-20%,Email Channel,2025-10-07 20:23:39,1
kyayq7YY,8,BOGO,Dessert,6.11999988555908,5%-10%,Email Channel,2025-10-07 20:23:39,1
kyayq7YY,10,Value Deal,Salad,11.5699996948242,5%-10%,Apple Channel,2025-10-07 20:23:39,1
kyayq7YY,13,2-for-1,Side,13.5799999237061,20%-30%,Android Channel,2025-10-07 20:23:39,1
kyayq7YY,14,2-for-1,Salad,5.1100001335144,30%-50%,Email Channel,2025-10-07 20:23:39,1
kyayq7YY,17,Family Meal,Beverage,10.3500003814697,15%-25%,Apple Channel,2025-10-07 20:23:39,1
kyayq7YY,19,Family Meal,Wrap,8.72000026702881,15%-25%,Apple Channel,2025-10-07 20:23:39,1
kyayq7YY,21,Lunch Combo,Wrap,9.69999980926514,30%-50%,Email Channel,2025-10-07 20:23:39,1
kyayq7YY,23,Happy Hour,Sandwich,4.48999977111816,5%-10%,Apple Channel,2025-10-07 20:23:39,1
kyayq7YY,24,2-for-1,Dessert,8.97000026702881,15%-25%,Apple Channel,2025-10-07 20:23:39,1
kyayq7YY,25,2-for-1,Side,12.1899995803833,15%-25%,Android Channel,2025-10-07 20:23:39,1
kyayq7YY,32,Happy Hour,Beverage,5.1100001335144,20%-30%,Email Channel,2025-10-07 20:23:39,1
kyayq7YY,35,BOGO,Beverage,6.55000019073486,20%-30%,Email Channel,2025-10-07 20:23:39,1
kyayq7YY,36,Value Deal,Dessert,9.10000038146973,10%-20%,Email Channel,2025-10-07 20:23:39,1
kyayq7YY,41,2-for-1,Dessert,11.7399997711182,20%-30%,Email Channel,2025-10-07 20:23:39,1
kyayq7YY,42,Family Meal,Salad,14.1800003051758,5%-10%,Android Channel,2025-10-07 20:23:39,1
kyayq7YY,43,BOGO,Sandwich,9.68000030517578,10%-20%,Email Channel,2025-10-07 20:23:39,1
kyayq7YY,44,2-for-1,Salad,6.78000020980835,30%-50%,Email Channel,2025-10-07 20:23:39,1
kyayq7YY,46,BOGO,Dessert,9.85999965667725,30%-50%,Email Channel,2025-10-07 20:23:39,1
kyayq7YY,47,2-for-1,Dessert,10.789999961853,20%-30%,Email Channel,2025-10-07 20:23:39,1
kyayq7YY,48,BOGO,Dessert,8.36999988555908,5%-10%,Email Channel,2025-10-07 20:23:39,1
kyayq7YY,52,Value Deal,Sandwich,7.57000017166138,20%-30%,Apple Channel,2025-10-07 20:23:39,1
kyayq7YY,56,2-for-1,Sandwich,11.0900001525879,15%-25%,Email Channel,2025-10-07 20:23:39,1
kyayq7YY,59,Lunch Combo,Dessert,12.539999961853,30%-50%,Email Channel,2025-10-07 20:23:39,1
kyayq7YY,60,2-for-1,Salad,4.01000022888184,30%-50%,Apple Channel,2025-10-07 20:23:39,1
kyayq7YY,62,Value Deal,Salad,9.32999992370605,15%-25%,Android Channel,2025-10-07 20:23:39,1
kyayq7YY,63,Happy Hour,Wrap,5.71000003814697,20%-30%,Email Channel,2025-10-07 20:23:39,1
kyayq7YY,64,Lunch Combo,Beverage,9.80000019073486,15%-25%,Email Channel,2025-10-07 20:23:39,1
kyayq7YY,68,Happy Hour,Sandwich,8.73999977111816,30%-50%,Email Channel,2025-10-07 20:23:39,1
kyayq7YY,69,Family Meal,Beverage,6.30999994277954,5%-10%,Email Channel,2025-10-07 20:23:39,1
kyayq7YY,70,2-for-1,Wrap,12.75,20%-30%,Email Channel,2025-10-07 20:23:39,1
kyayq7YY,71,Super Saver,Sandwich,8.75,30%-50%,Apple Channel,2025-10-07 20:23:39,1
kyayq7YY,72,Super Saver,Beverage,10.5500001907349,30%-50%,Android Channel,2025-10-07 20:23:39,1
kyayq7YY,73,Family Meal,Wrap,12.0500001907349,15%-25%,Email Channel,2025-10-07 20:23:39,1
kyayq7YY,74,Super Saver,Side,9.06999969482422,20%-30%,Email Channel,2025-10-07 20:23:39,1
kyayq7YY,76,Family Meal,Dessert,5.26000022888184,20%-30%,Android Channel,2025-10-07 20:23:39,1
kyayq7YY,78,Super Saver,Side,7.86999988555908,15%-25%,Email Channel,2025-10-07 20:23:39,1
kyayq7YY,80,Lunch Combo,Beverage,9.07999992370605,20%-30%,Email Channel,2025-10-07 20:23:39,1
kyayq7YY,83,Lunch Combo,Wrap,8.72999954223633,20%-30%,Email Channel,2025-10-07 20:23:39,1
kyayq7YY,85,Super Saver,Dessert,3.96000003814697,10%-20%,Email Channel,2025-10-07 20:23:39,1
kyayq7YY,87,Value Deal,Salad,12.3199996948242,30%-50%,Email Channel,2025-10-07 20:23:39,1
kyayq7YY,89,BOGO,Side,11.4399995803833,5%-10%,Email Channel,2025-10-07 20:23:39,1
kyayq7YY,91,Value Deal,Salad,3.65000009536743,20%-30%,Email Channel,2025-10-07 20:23:39,1
kyayq7YY,92,Value Deal,Beverage,11.6300001144409,30%-50%,Email Channel,2025-10-07 20:23:39,1
kyayq7YY,94,Super Saver,Sandwich,6.71000003814697,20%-30%,Apple Channel,2025-10-07 20:23:39,1
kyayq7YY,97,2-for-1,Sandwich,6.28000020980835,30%-50%,Email Channel,2025-10-07 20:23:39,1
kyayq7YY,99,Value Deal,Wrap,7.01999998092651,20%-30%,Apple Channel,2025-10-07 20:23:39,1
kyayq7YY,1,Value Deal,Sandwich,3.78999996185303,10%-20%,Email Channel,2025-10-07 20:23:39,1
kyayq7YY,8,BOGO,Dessert,6.11999988555908,5%-10%,Email Channel,2025-10-07 20:23:39,1
kyayq7YY,10,Value Deal,Salad,11.5699996948242,5%-10%,Apple Channel,2025-10-07 20:23:39,1
kyayq7YY,13,2-for-1,Side,13.5799999237061,20%-30%,Android Channel,2025-10-07 20:23:39,1
kyayq7YY,14,2-for-1,Salad,5.1100001335144,30%-50%,Email Channel,2025-10-07 20:23:39,1
kyayq7YY,17,Family Meal,Beverage,10.3500003814697,15%-25%,Apple Channel,2025-10-07 20:23:39,1
kyayq7YY,19,Family Meal,Wrap,8.72000026702881,15%-25%,Apple Channel,2025-10-07 20:23:39,1
kyayq7YY,21,Lunch Combo,Wrap,9.69999980926514,30%-50%,Email Channel,2025-10-07 20:23:39,1
kyayq7YY,23,Happy Hour,Sandwich,4.48999977111816,5%-10%,Apple Channel,2025-10-07 20:23:39,1
kyayq7YY,24,2-for-1,Dessert,8.97000026702881,15%-25%,Apple Channel,2025-10-07 20:23:39,1
kyayq7YY,25,2-for-1,Side,12.1899995803833,15%-25%,Android Channel,2025-10-07 20:23:39,1
kyayq7YY,32,Happy Hour,Beverage,5.1100001335144,20%-30%,Email Channel,2025-10-07 20:23:39,1
kyayq7YY,35,BOGO,Beverage,6.55000019073486,20%-30%,Email Channel,2025-10-07 20:23:39,1
kyayq7YY,36,Value Deal,Dessert,9.10000038146973,10%-20%,Email Channel,2025-10-07 20:23:39,1
kyayq7YY,41,2-for-1,Dessert,11.7399997711182,20%-30%,Email Channel,2025-10-07 20:23:39,1
kyayq7YY,42,Family Meal,Salad,14.1800003051758,5%-10%,Android Channel,2025-10-07 20:23:39,1
kyayq7YY,43,BOGO,Sandwich,9.68000030517578,10%-20%,Email Channel,2025-10-07 20:23:39,1
kyayq7YY,44,2-for-1,Salad,6.78000020980835,30%-50%,Email Channel,2025-10-07 20:23:39,1
kyayq7YY,46,BOGO,Dessert,9.85999965667725,30%-50%,Email Channel,2025-10-07 20:23:39,1
kyayq7YY,47,2-for-1,Dessert,10.789999961853,20%-30%,Email Channel,2025-10-07 20:23:39,1
kyayq7YY,48,BOGO,Dessert,8.36999988555908,5%-10%,Email Channel,2025-10-07 20:23:39,1
kyayq7YY,52,Value Deal,Sandwich,7.57000017166138,20%-30%,Apple Channel,2025-10-07 20:23:39,1
kyayq7YY,56,2-for-1,Sandwich,11.0900001525879,15%-25%,Email Channel,2025-10-07 20:23:39,1
kyayq7YY,59,Lunch Combo,Dessert,12.539999961853,30%-50%,Email Channel,2025-10-07 20:23:39,1
kyayq7YY,60,2-for-1,Salad,4.01000022888184,30%-50%,Apple Channel,2025-10-07 20:23:39,1
kyayq7YY,62,Value Deal,Salad,9.32999992370605,15%-25%,Android Channel,2025-10-07 20:23:39,1
kyayq7YY,63,Happy Hour,Wrap,5.71000003814697,20%-30%,Email Channel,2025-10-07 20:23:39,1
kyayq7YY,64,Lunch Combo,Beverage,9.80000019073486,15%-25%,Email Channel,2025-10-07 20:23:39,1
kyayq7YY,68,Happy Hour,Sandwich,8.73999977111816,30%-50%,Email Channel,2025-10-07 20:23:39,1
kyayq7YY,69,Family Meal,Beverage,6.30999994277954,5%-10%,Email Channel,2025-10-07 20:23:39,1
kyayq7YY,70,2-for-1,Wrap,12.75,20%-30%,Email Channel,2025-10-07 20:23:39,1
kyayq7YY,71,Super Saver,Sandwich,8.75,30%-50%,Apple Channel,2025-10-07 20:23:39,1
kyayq7YY,72,Super Saver,Beverage,10.5500001907349,30%-50%,Android Channel,2025-10-07 20:23:39,1
kyayq7YY,73,Family Meal,Wrap,12.0500001907349,15%-25%,Email Channel,2025-10-07 20:23:39,1
kyayq7YY,74,Super Saver,Side,9.06999969482422,20%-30%,Email Channel,2025-10-07 20:23:39,1
kyayq7YY,76,Family Meal,Dessert,5.26000022888184,20%-30%,Android Channel,2025-10-07 20:23:39,1
kyayq7YY,78,Super Saver,Side,7.86999988555908,15%-25%,Email Channel,2025-10-07 20:23:39,1
kyayq7YY,80,Lunch Combo,Beverage,9.07999992370605,20%-30%,Email Channel,2025-10-07 20:23:39,1
kyayq7YY,83,Lunch Combo,Wrap,8.72999954223633,20%-30%,Email Channel,2025-10-07 20:23:39,1
kyayq7YY,85,Super Saver,Dessert,3.96000003814697,10%-20%,Email Channel,2025-10-07 20:23:39,1
kyayq7YY,87,Value Deal,Salad,12.3199996948242,30%-50%,Email Channel,2025-10-07 20:23:39,1
kyayq7YY,89,BOGO,Side,11.4399995803833,5%-10%,Email Channel,2025-10-07 20:23:39,1
kyayq7YY,91,Value Deal,Salad,3.65000009536743,20%-30%,Email Channel,2025-10-07 20:23:39,1
kyayq7YY,92,Value Deal,Beverage,11.6300001144409,30%-50%,Email Channel,2025-10-07 20:23:39,1
kyayq7YY,94,Super Saver,Sandwich,6.71000003814697,20%-30%,Apple Channel,2025-10-07 20:23:39,1
kyayq7YY,97,2-for-1,Sandwich,6.28000020980835,30%-50%,Email Channel,2025-10-07 20:23:39,1
kyayq7YY,99,Value Deal,Wrap,7.01999998092651,20%-30%,Apple Channel,2025-10-07 20:23:39,1
gV1PWpt3,8,BOGO,Dessert,6.11999988555908,5%-10%,Email Channel,2025-10-07 20:23:39,1
gV1PWpt3,10,Value Deal,Salad,11.5699996948242,5%-10%,Apple Channel,2025-10-07 20:23:39,1
gV1PWpt3,13,2-for-1,Side,13.5799999237061,20%-30%,Android Channel,2025-10-07 20:23:39,1
gV1PWpt3,14,2-for-1,Salad,5.1100001335144,30%-50%,Email Channel,2025-10-07 20:23:39,1
gV1PWpt3,17,Family Meal,Beverage,10.3500003814697,15%-25%,Apple Channel,2025-10-07 20:23:39,1
gV1PWpt3,19,Family Meal,Wrap,8.72000026702881,15%-25%,Apple Channel,2025-10-07 20:23:39,1
gV1PWpt3,21,Lunch Combo,Wrap,9.69999980926514,30%-50%,Email Channel,2025-10-07 20:23:39,1
gV1PWpt3,23,Happy Hour,Sandwich,4.48999977111816,5%-10%,Apple Channel,2025-10-07 20:23:39,1
gV1PWpt3,24,2-for-1,Dessert,8.97000026702881,15%-25%,Apple Channel,2025-10-07 20:23:39,1
gV1PWpt3,25,2-for-1,Side,12.1899995803833,15%-25%,Android Channel,2025-10-07 20:23:39,1
gV1PWpt3,32,Happy Hour,Beverage,5.1100001335144,20%-30%,Email Channel,2025-10-07 20:23:39,1
gV1PWpt3,35,BOGO,Beverage,6.55000019073486,20%-30%,Email Channel,2025-10-07 20:23:39,1
gV1PWpt3,36,Value Deal,Dessert,9.10000038146973,10%-20%,Email Channel,2025-10-07 20:23:39,1
gV1PWpt3,41,2-for-1,Dessert,11.7399997711182,20%-30%,Email Channel,2025-10-07 20:23:39,1
gV1PWpt3,42,Family Meal,Salad,14.1800003051758,5%-10%,Android Channel,2025-10-07 20:23:39,1
gV1PWpt3,43,BOGO,Sandwich,9.68000030517578,10%-20%,Email Channel,2025-10-07 20:23:39,1
gV1PWpt3,44,2-for-1,Salad,6.78000020980835,30%-50%,Email Channel,2025-10-07 20:23:39,1
gV1PWpt3,46,BOGO,Dessert,9.85999965667725,30%-50%,Email Channel,2025-10-07 20:23:39,1
gV1PWpt3,47,2-for-1,Dessert,10.789999961853,20%-30%,Email Channel,2025-10-07 20:23:39,1
gV1PWpt3,48,BOGO,Dessert,8.36999988555908,5%-10%,Email Channel,2025-10-07 20:23:39,1
gV1PWpt3,52,Value Deal,Sandwich,7.57000017166138,20%-30%,Apple Channel,2025-10-07 20:23:39,1
gV1PWpt3,56,2-for-1,Sandwich,11.0900001525879,15%-25%,Email Channel,2025-10-07 20:23:39,1
gV1PWpt3,59,Lunch Combo,Dessert,12.539999961853,30%-50%,Email Channel,2025-10-07 20:23:39,1
gV1PWpt3,60,2-for-1,Salad,4.01000022888184,30%-50%,Apple Channel,2025-10-07 20:23:39,1
gV1PWpt3,62,Value Deal,Salad,9.32999992370605,15%-25%,Android Channel,2025-10-07 20:23:39,1
gV1PWpt3,63,Happy Hour,Wrap,5.71000003814697,20%-30%,Email Channel,2025-10-07 20:23:39,1
gV1PWpt3,64,Lunch Combo,Beverage,9.80000019073486,15%-25%,Email Channel,2025-10-07 20:23:39,1
gV1PWpt3,68,Happy Hour,Sandwich,8.73999977111816,30%-50%,Email Channel,2025-10-07 20:23:39,1
gV1PWpt3,69,Family Meal,Beverage,6.30999994277954,5%-10%,Email Channel,2025-10-07 20:23:39,1
gV1PWpt3,70,2-for-1,Wrap,12.75,20%-30%,Email Channel,2025-10-07 20:23:39,1
gV1PWpt3,71,Super Saver,Sandwich,8.75,30%-50%,Apple Channel,2025-10-07 20:23:39,1
gV1PWpt3,72,Super Saver,Beverage,10.5500001907349,30%-50%,Android Channel,2025-10-07 20:23:39,1
gV1PWpt3,73,Family Meal,Wrap,12.0500001907349,15%-25%,Email Channel,2025-10-07 20:23:39,1
gV1PWpt3,74,Super Saver,Side,9.06999969482422,20%-30%,Email Channel,2025-10-07 20:23:39,1
gV1PWpt3,76,Family Meal,Dessert,5.26000022888184,20%-30%,Android Channel,2025-10-07 20:23:39,1
gV1PWpt3,78,Super Saver,Side,7.86999988555908,15%-25%,Email Channel,2025-10-07 20:23:39,1
gV1PWpt3,80,Lunch Combo,Beverage,9.07999992370605,20%-30%,Email Channel,2025-10-07 20:23:39,1
gV1PWpt3,83,Lunch Combo,Wrap,8.72999954223633,20%-30%,Email Channel,2025-10-07 20:23:39,1
gV1PWpt3,85,Super Saver,Dessert,3.96000003814697,10%-20%,Email Channel,2025-10-07 20:23:39,1
gV1PWpt3,87,Value Deal,Salad,12.3199996948242,30%-50%,Email Channel,2025-10-07 20:23:39,1
gV1PWpt3,89,BOGO,Side,11.4399995803833,5%-10%,Email Channel,2025-10-07 20:23:39,1
gV1PWpt3,91,Value Deal,Salad,3.65000009536743,20%-30%,Email Channel,2025-10-07 20:23:39,1
gV1PWpt3,92,Value Deal,Beverage,11.6300001144409,30%-50%,Email Channel,2025-10-07 20:23:39,1
gV1PWpt3,94,Super Saver,Sandwich,6.71000003814697,20%-30%,Apple Channel,2025-10-07 20:23:39,1
gV1PWpt3,97,2-for-1,Sandwich,6.28000020980835,30%-50%,Email Channel,2025-10-07 20:23:39,1
gV1PWpt3,99,Value Deal,Wrap,7.01999998092651,20%-30%,Apple Channel,2025-10-07 20:23:39,1
gV1PWpt3,8,BOGO,Dessert,6.11999988555908,5%-10%,Email Channel,2025-10-07 20:23:39,1
gV1PWpt3,10,Value Deal,Salad,11.5699996948242,5%-10%,Apple Channel,2025-10-07 20:23:39,1
gV1PWpt3,13,2-for-1,Side,13.5799999237061,20%-30%,Android Channel,2025-10-07 20:23:39,1
gV1PWpt3,14,2-for-1,Salad,5.1100001335144,30%-50%,Email Channel,2025-10-07 20:23:39,1
gV1PWpt3,17,Family Meal,Beverage,10.3500003814697,15%-25%,Apple Channel,2025-10-07 20:23:39,1
gV1PWpt3,19,Family Meal,Wrap,8.72000026702881,15%-25%,Apple Channel,2025-10-07 20:23:39,1
gV1PWpt3,21,Lunch Combo,Wrap,9.69999980926514,30%-50%,Email Channel,2025-10-07 20:23:39,1
gV1PWpt3,23,Happy Hour,Sandwich,4.48999977111816,5%-10%,Apple Channel,2025-10-07 20:23:39,1
gV1PWpt3,24,2-for-1,Dessert,8.97000026702881,15%-25%,Apple Channel,2025-10-07 20:23:39,1
gV1PWpt3,25,2-for-1,Side,12.1899995803833,15%-25%,Android Channel,2025-10-07 20:23:39,1
gV1PWpt3,32,Happy Hour,Beverage,5.1100001335144,20%-30%,Email Channel,2025-10-07 20:23:39,1
gV1PWpt3,35,BOGO,Beverage,6.55000019073486,20%-30%,Email Channel,2025-10-07 20:23:39,1
gV1PWpt3,36,Value Deal,Dessert,9.10000038146973,10%-20%,Email Channel,2025-10-07 20:23:39,1
gV1PWpt3,41,2-for-1,Dessert,11.7399997711182,20%-30%,Email Channel,2025-10-07 20:23:39,1
gV1PWpt3,42,Family Meal,Salad,14.1800003051758,5%-10%,Android Channel,2025-10-07 20:23:39,1
gV1PWpt3,43,BOGO,Sandwich,9.68000030517578,10%-20%,Email Channel,2025-10-07 20:23:39,1
gV1PWpt3,44,2-for-1,Salad,6.78000020980835,30%-50%,Email Channel,2025-10-07 20:23:39,1
gV1PWpt3,46,BOGO,Dessert,9.85999965667725,30%-50%,Email Channel,2025-10-07 20:23:39,1
gV1PWpt3,47,2-for-1,Dessert,10.789999961853,20%-30%,Email Channel,2025-10-07 20:23:39,1
gV1PWpt3,48,BOGO,Dessert,8.36999988555908,5%-10%,Email Channel,2025-10-07 20:23:39,1
gV1PWpt3,52,Value Deal,Sandwich,7.57000017166138,20%-30%,Apple Channel,2025-10-07 20:23:39,1
gV1PWpt3,56,2-for-1,Sandwich,11.0900001525879,15%-25%,Email Channel,2025-10-07 20:23:39,1
gV1PWpt3,59,Lunch Combo,Dessert,12.539999961853,30%-50%,Email Channel,2025-10-07 20:23:39,1
gV1PWpt3,60,2-for-1,Salad,4.01000022888184,30%-50%,Apple Channel,2025-10-07 20:23:39,1
gV1PWpt3,62,Value Deal,Salad,9.32999992370605,15%-25%,Android Channel,2025-10-07 20:23:39,1
gV1PWpt3,63,Happy Hour,Wrap,5.71000003814697,20%-30%,Email Channel,2025-10-07 20:23:39,1
gV1PWpt3,64,Lunch Combo,Beverage,9.80000019073486,15%-25%,Email Channel,2025-10-07 20:23:39,1
gV1PWpt3,68,Happy Hour,Sandwich,8.73999977111816,30%-50%,Email Channel,2025-10-07 20:23:39,1
gV1PWpt3,69,Family Meal,Beverage,6.30999994277954,5%-10%,Email Channel,2025-10-07 20:23:39,1
gV1PWpt3,70,2-for-1,Wrap,12.75,20%-30%,Email Channel,2025-10-07 20:23:39,1
gV1PWpt3,71,Super Saver,Sandwich,8.75,30%-50%,Apple Channel,2025-10-07 20:23:39,1
gV1PWpt3,72,Super Saver,Beverage,10.5500001907349,30%-50%,Android Channel,2025-10-07 20:23:39,1
gV1PWpt3,73,Family Meal,Wrap,12.0500001907349,15%-25%,Email Channel,2025-10-07 20:23:39,1
gV1PWpt3,74,Super Saver,Side,9.06999969482422,20%-30%,Email Channel,2025-10-07 20:23:39,1
gV1PWpt3,76,Family Meal,Dessert,5.26000022888184,20%-30%,Android Channel,2025-10-07 20:23:39,1
gV1PWpt3,78,Super Saver,Side,7.86999988555908,15%-25%,Email Channel,2025-10-07 20:23:39,1
gV1PWpt3,80,Lunch Combo,Beverage,9.07999992370605,20%-30%,Email Channel,2025-10-07 20:23:39,1
gV1PWpt3,83,Lunch Combo,Wrap,8.72999954223633,20%-30%,Email Channel,2025-10-07 20:23:39,1
gV1PWpt3,85,Super Saver,Dessert,3.96000003814697,10%-20%,Email Channel,2025-10-07 20:23:39,1
gV1PWpt3,87,Value Deal,Salad,12.3199996948242,30%-50%,Email Channel,2025-10-07 20:23:39,1
gV1PWpt3,89,BOGO,Side,11.4399995803833,5%-10%,Email Channel,2025-10-07 20:23:39,1
gV1PWpt3,91,Value Deal,Salad,3.65000009536743,20%-30%,Email Channel,2025-10-07 20:23:39,1
gV1PWpt3,92,Value Deal,Beverage,11.6300001144409,30%-50%,Email Channel,2025-10-07 20:23:39,1
gV1PWpt3,94,Super Saver,Sandwich,6.71000003814697,20%-30%,Apple Channel,2025-10-07 20:23:39,1
gV1PWpt3,97,2-for-1,Sandwich,6.28000020980835,30%-50%,Email Channel,2025-10-07 20:23:39,1
gV1PWpt3,99,Value Deal,Wrap,7.01999998092651,20%-30%,Apple Channel,2025-10-07 20:23:39,1
Q8VS8IAL,1,Value Deal,Sandwich,3.78999996185303,10%-20%,Email Channel,2025-10-07 20:23:39,1
Q8VS8IAL,8,BOGO,Dessert,6.11999988555908,5%-10%,Email Channel,2025-10-07 20:23:39,1
Q8VS8IAL,10,Value Deal,Salad,11.5699996948242,5%-10%,Apple Channel,2025-10-07 20:23:39,1
Q8VS8IAL,13,2-for-1,Side,13.5799999237061,20%-30%,Android Channel,2025-10-07 20:23:39,1
Q8VS8IAL,14,2-for-1,Salad,5.1100001335144,30%-50%,Email Channel,2025-10-07 20:23:39,1
Q8VS8IAL,17,Family Meal,Beverage,10.3500003814697,15%-25%,Apple Channel,2025-10-07 20:23:39,1
Q8VS8IAL,19,Family Meal,Wrap,8.72000026702881,15%-25%,Apple Channel,2025-10-07 20:23:39,1
Q8VS8IAL,21,Lunch Combo,Wrap,9.69999980926514,30%-50%,Email Channel,2025-10-07 20:23:39,1
Q8VS8IAL,23,Happy Hour,Sandwich,4.48999977111816,5%-10%,Apple Channel,2025-10-07 20:23:39,1
Q8VS8IAL,24,2-for-1,Dessert,8.97000026702881,15%-25%,Apple Channel,2025-10-07 20:23:39,1
Q8VS8IAL,25,2-for-1,Side,12.1899995803833,15%-25%,Android Channel,2025-10-07 20:23:39,1
Q8VS8IAL,32,Happy Hour,Beverage,5.1100001335144,20%-30%,Email Channel,2025-10-07 20:23:39,1
Q8VS8IAL,35,BOGO,Beverage,6.55000019073486,20%-30%,Email Channel,2025-10-07 20:23:39,1
Q8VS8IAL,36,Value Deal,Dessert,9.10000038146973,10%-20%,Email Channel,2025-10-07 20:23:39,1
Q8VS8IAL,41,2-for-1,Dessert,11.7399997711182,20%-30%,Email Channel,2025-10-07 20:23:39,1
Q8VS8IAL,42,Family Meal,Salad,14.1800003051758,5%-10%,Android Channel,2025-10-07 20:23:39,1
Q8VS8IAL,43,BOGO,Sandwich,9.68000030517578,10%-20%,Email Channel,2025-10-07 20:23:39,1
Q8VS8IAL,44,2-for-1,Salad,6.78000020980835,30%-50%,Email Channel,2025-10-07 20:23:39,1
Q8VS8IAL,46,BOGO,Dessert,9.85999965667725,30%-50%,Email Channel,2025-10-07 20:23:39,1
Q8VS8IAL,47,2-for-1,Dessert,10.789999961853,20%-30%,Email Channel,2025-10-07 20:23:39,1
Q8VS8IAL,48,BOGO,Dessert,8.36999988555908,5%-10%,Email Channel,2025-10-07 20:23:39,1
Q8VS8IAL,52,Value Deal,Sandwich,7.57000017166138,20%-30%,Apple Channel,2025-10-07 20:23:39,1
Q8VS8IAL,56,2-for-1,Sandwich,11.0900001525879,15%-25%,Email Channel,2025-10-07 20:23:39,1
Q8VS8IAL,59,Lunch Combo,Dessert,12.539999961853,30%-50%,Email Channel,2025-10-07 20:23:39,1
Q8VS8IAL,60,2-for-1,Salad,4.01000022888184,30%-50%,Apple Channel,2025-10-07 20:23:39,1
Q8VS8IAL,62,Value Deal,Salad,9.32999992370605,15%-25%,Android Channel,2025-10-07 20:23:39,1
Q8VS8IAL,63,Happy Hour,Wrap,5.71000003814697,20%-30%,Email Channel,2025-10-07 20:23:39,1
Q8VS8IAL,64,Lunch Combo,Beverage,9.80000019073486,15%-25%,Email Channel,2025-10-07 20:23:39,1
Q8VS8IAL,68,Happy Hour,Sandwich,8.73999977111816,30%-50%,Email Channel,2025-10-07 20:23:39,1
Q8VS8IAL,69,Family Meal,Beverage,6.30999994277954,5%-10%,Email Channel,2025-10-07 20:23:39,1
Q8VS8IAL,70,2-for-1,Wrap,12.75,20%-30%,Email Channel,2025-10-07 20:23:39,1
Q8VS8IAL,71,Super Saver,Sandwich,8.75,30%-50%,Apple Channel,2025-10-07 20:23:39,1
Q8VS8IAL,72,Super Saver,Beverage,10.5500001907349,30%-50%,Android Channel,2025-10-07 20:23:39,1
Q8VS8IAL,73,Family Meal,Wrap,12.0500001907349,15%-25%,Email Channel,2025-10-07 20:23:39,1
Q8VS8IAL,74,Super Saver,Side,9.06999969482422,20%-30%,Email Channel,2025-10-07 20:23:39,1
Q8VS8IAL,76,Family Meal,Dessert,5.26000022888184,20%-30%,Android Channel,2025-10-07 20:23:39,1
Q8VS8IAL,78,Super Saver,Side,7.86999988555908,15%-25%,Email Channel,2025-10-07 20:23:39,1
Q8VS8IAL,80,Lunch Combo,Beverage,9.07999992370605,20%-30%,Email Channel,2025-10-07 20:23:39,1
Q8VS8IAL,83,Lunch Combo,Wrap,8.72999954223633,20%-30%,Email Channel,2025-10-07 20:23:39,1
Q8VS8IAL,85,Super Saver,Dessert,3.96000003814697,10%-20%,Email Channel,2025-10-07 20:23:39,1
Q8VS8IAL,87,Value Deal,Salad,12.3199996948242,30%-50%,Email Channel,2025-10-07 20:23:39,1
Q8VS8IAL,89,BOGO,Side,11.4399995803833,5%-10%,Email Channel,2025-10-07 20:23:39,1
Q8VS8IAL,91,Value Deal,Salad,3.65000009536743,20%-30%,Email Channel,2025-10-07 20:23:39,1
Q8VS8IAL,92,Value Deal,Beverage,11.6300001144409,30%-50%,Email Channel,2025-10-07 20:23:39,1
Q8VS8IAL,94,Super Saver,Sandwich,6.71000003814697,20%-30%,Apple Channel,2025-10-07 20:23:39,1
Q8VS8IAL,97,2-for-1,Sandwich,6.28000020980835,30%-50%,Email Channel,2025-10-07 20:23:39,1
Q8VS8IAL,99,Value Deal,Wrap,7.01999998092651,20%-30%,Apple Channel,2025-10-07 20:23:39,1
Q8VS8IAL,1,Value Deal,Sandwich,3.78999996185303,10%-20%,Email Channel,2025-10-07 20:23:39,1
Q8VS8IAL,8,BOGO,Dessert,6.11999988555908,5%-10%,Email Channel,2025-10-07 20:23:39,1
Q8VS8IAL,10,Value Deal,Salad,11.5699996948242,5%-10%,Apple Channel,2025-10-07 20:23:39,1
Q8VS8IAL,13,2-for-1,Side,13.5799999237061,20%-30%,Android Channel,2025-10-07 20:23:39,1
Q8VS8IAL,14,2-for-1,Salad,5.1100001335144,30%-50%,Email Channel,2025-10-07 20:23:39,1
Q8VS8IAL,17,Family Meal,Beverage,10.3500003814697,15%-25%,Apple Channel,2025-10-07 20:23:39,1
Q8VS8IAL,19,Family Meal,Wrap,8.72000026702881,15%-25%,Apple Channel,2025-10-07 20:23:39,1
Q8VS8IAL,21,Lunch Combo,Wrap,9.69999980926514,30%-50%,Email Channel,2025-10-07 20:23:39,1
Q8VS8IAL,23,Happy Hour,Sandwich,4.48999977111816,5%-10%,Apple Channel,2025-10-07 20:23:39,1
Q8VS8IAL,24,2-for-1,Dessert,8.97000026702881,15%-25%,Apple Channel,2025-10-07 20:23:39,1
Q8VS8IAL,25,2-for-1,Side,12.1899995803833,15%-25%,Android Channel,2025-10-07 20:23:39,1
Q8VS8IAL,32,Happy Hour,Beverage,5.1100001335144,20%-30%,Email Channel,2025-10-07 20:23:39,1
Q8VS8IAL,35,BOGO,Beverage,6.55000019073486,20%-30%,Email Channel,2025-10-07 20:23:39,1
Q8VS8IAL,36,Value Deal,Dessert,9.10000038146973,10%-20%,Email Channel,2025-10-07 20:23:39,1
Q8VS8IAL,41,2-for-1,Dessert,11.7399997711182,20%-30%,Email Channel,2025-10-07 20:23:39,1
Q8VS8IAL,42,Family Meal,Salad,14.1800003051758,5%-10%,Android Channel,2025-10-07 20:23:39,1
Q8VS8IAL,43,BOGO,Sandwich,9.68000030517578,10%-20%,Email Channel,2025-10-07 20:23:39,1
Q8VS8IAL,44,2-for-1,Salad,6.78000020980835,30%-50%,Email Channel,2025-10-07 20:23:39,1
Q8VS8IAL,46,BOGO,Dessert,9.85999965667725,30%-50%,Email Channel,2025-10-07 20:23:39,1
Q8VS8IAL,47,2-for-1,Dessert,10.789999961853,20%-30%,Email Channel,2025-10-07 20:23:39,1
Q8VS8IAL,48,BOGO,Dessert,8.36999988555908,5%-10%,Email Channel,2025-10-07 20:23:39,1
Q8VS8IAL,52,Value Deal,Sandwich,7.57000017166138,20%-30%,Apple Channel,2025-10-07 20:23:39,1
Q8VS8IAL,56,2-for-1,Sandwich,11.0900001525879,15%-25%,Email Channel,2025-10-07 20:23:39,1
Q8VS8IAL,59,Lunch Combo,Dessert,12.539999961853,30%-50%,Email Channel,2025-10-07 20:23:39,1
Q8VS8IAL,60,2-for-1,Salad,4.01000022888184,30%-50%,Apple Channel,2025-10-07 20:23:39,1
Q8VS8IAL,62,Value Deal,Salad,9.32999992370605,15%-25%,Android Channel,2025-10-07 20:23:39,1
Q8VS8IAL,63,Happy Hour,Wrap,5.71000003814697,20%-30%,Email Channel,2025-10-07 20:23:39,1
Q8VS8IAL,64,Lunch Combo,Beverage,9.80000019073486,15%-25%,Email Channel,2025-10-07 20:23:39,1
Q8VS8IAL,68,Happy Hour,Sandwich,8.73999977111816,30%-50%,Email Channel,2025-10-07 20:23:39,1
Q8VS8IAL,69,Family Meal,Beverage,6.30999994277954,5%-10%,Email Channel,2025-10-07 20:23:39,1
Q8VS8IAL,70,2-for-1,Wrap,12.75,20%-30%,Email Channel,2025-10-07 20:23:39,1
Q8VS8IAL,71,Super Saver,Sandwich,8.75,30%-50%,Apple Channel,2025-10-07 20:23:39,1
Q8VS8IAL,72,Super Saver,Beverage,10.5500001907349,30%-50%,Android Channel,2025-10-07 20:23:39,1
Q8VS8IAL,73,Family Meal,Wrap,12.0500001907349,15%-25%,Email Channel,2025-10-07 20:23:39,1
Q8VS8IAL,74,Super Saver,Side,9.06999969482422,20%-30%,Email Channel,2025-10-07 20:23:39,1
Q8VS8IAL,76,Family Meal,Dessert,5.26000022888184,20%-30%,Android Channel,2025-10-07 20:23:39,1
Q8VS8IAL,78,Super Saver,Side,7.86999988555908,15%-25%,Email Channel,2025-10-07 20:23:39,1
Q8VS8IAL,80,Lunch Combo,Beverage,9.07999992370605,20%-30%,Email Channel,2025-10-07 20:23:39,1
Q8VS8IAL,83,Lunch Combo,Wrap,8.72999954223633,20%-30%,Email Channel,2025-10-07 20:23:39,1
Q8VS8IAL,85,Super Saver,Dessert,3.96000003814697,10%-20%,Email Channel,2025-10-07 20:23:39,1
Q8VS8IAL,87,Value Deal,Salad,12.3199996948242,30%-50%,Email Channel,2025-10-07 20:23:39,1
Q8VS8IAL,89,BOGO,Side,11.4399995803833,5%-10%,Email Channel,2025-10-07 20:23:39,1
Q8VS8IAL,91,Value Deal,Salad,3.65000009536743,20%-30%,Email Channel,2025-10-07 20:23:39,1
Q8VS8IAL,92,Value Deal,Beverage,11.6300001144409,30%-50%,Email Channel,2025-10-07 20:23:39,1
Q8VS8IAL,94,Super Saver,Sandwich,6.71000003814697,20%-30%,Apple Channel,2025-10-07 20:23:39,1
Q8VS8IAL,97,2-for-1,Sandwich,6.28000020980835,30%-50%,Email Channel,2025-10-07 20:23:39,1
Q8VS8IAL,99,Value Deal,Wrap,7.01999998092651,20%-30%,Apple Channel,2025-10-07 20:23:39,1
9XebLeaq,1,Value Deal,Sandwich,3.78999996185303,10%-20%,Email Channel,2025-10-07 20:23:39,1
9XebLeaq,8,BOGO,Dessert,6.11999988555908,5%-10%,Email Channel,2025-10-07 20:23:39,1
9XebLeaq,10,Value Deal,Salad,11.5699996948242,5%-10%,Apple Channel,2025-10-07 20:23:39,1
9XebLeaq,13,2-for-1,Side,13.5799999237061,20%-30%,Android Channel,2025-10-07 20:23:39,1
9XebLeaq,14,2-for-1,Salad,5.1100001335144,30%-50%,Email Channel,2025-10-07 20:23:39,1
9XebLeaq,17,Family Meal,Beverage,10.3500003814697,15%-25%,Apple Channel,2025-10-07 20:23:39,1
9XebLeaq,19,Family Meal,Wrap,8.72000026702881,15%-25%,Apple Channel,2025-10-07 20:23:39,1
9XebLeaq,23,Happy Hour,Sandwich,4.48999977111816,5%-10%,Apple Channel,2025-10-07 20:23:39,1
9XebLeaq,24,2-for-1,Dessert,8.97000026702881,15%-25%,Apple Channel,2025-10-07 20:23:39,1
9XebLeaq,25,2-for-1,Side,12.1899995803833,15%-25%,Android Channel,2025-10-07 20:23:39,1
9XebLeaq,32,Happy Hour,Beverage,5.1100001335144,20%-30%,Email Channel,2025-10-07 20:23:39,1
9XebLeaq,35,BOGO,Beverage,6.55000019073486,20%-30%,Email Channel,2025-10-07 20:23:39,1
9XebLeaq,36,Value Deal,Dessert,9.10000038146973,10%-20%,Email Channel,2025-10-07 20:23:39,1
9XebLeaq,41,2-for-1,Dessert,11.7399997711182,20%-30%,Email Channel,2025-10-07 20:23:39,1
9XebLeaq,42,Family Meal,Salad,14.1800003051758,5%-10%,Android Channel,2025-10-07 20:23:39,1
9XebLeaq,43,BOGO,Sandwich,9.68000030517578,10%-20%,Email Channel,2025-10-07 20:23:39,1
9XebLeaq,44,2-for-1,Salad,6.78000020980835,30%-50%,Email Channel,2025-10-07 20:23:39,1
9XebLeaq,46,BOGO,Dessert,9.85999965667725,30%-50%,Email Channel,2025-10-07 20:23:39,1
9XebLeaq,47,2-for-1,Dessert,10.789999961853,20%-30%,Email Channel,2025-10-07 20:23:39,1
9XebLeaq,48,BOGO,Dessert,8.36999988555908,5%-10%,Email Channel,2025-10-07 20:23:39,1
9XebLeaq,52,Value Deal,Sandwich,7.57000017166138,20%-30%,Apple Channel,2025-10-07 20:23:39,1
9XebLeaq,56,2-for-1,Sandwich,11.0900001525879,15%-25%,Email Channel,2025-10-07 20:23:39,1
9XebLeaq,59,Lunch Combo,Dessert,12.539999961853,30%-50%,Email Channel,2025-10-07 20:23:39,1
9XebLeaq,60,2-for-1,Salad,4.01000022888184,30%-50%,Apple Channel,2025-10-07 20:23:39,1
9XebLeaq,62,Value Deal,Salad,9.32999992370605,15%-25%,Android Channel,2025-10-07 20:23:39,1
9XebLeaq,63,Happy Hour,Wrap,5.71000003814697,20%-30%,Email Channel,2025-10-07 20:23:39,1
9XebLeaq,64,Lunch Combo,Beverage,9.80000019073486,15%-25%,Email Channel,2025-10-07 20:23:39,1
9XebLeaq,68,Happy Hour,Sandwich,8.73999977111816,30%-50%,Email Channel,2025-10-07 20:23:39,1
9XebLeaq,69,Family Meal,Beverage,6.30999994277954,5%-10%,Email Channel,2025-10-07 20:23:39,1
9XebLeaq,70,2-for-1,Wrap,12.75,20%-30%,Email Channel,2025-10-07 20:23:39,1
9XebLeaq,71,Super Saver,Sandwich,8.75,30%-50%,Apple Channel,2025-10-07 20:23:39,1
9XebLeaq,72,Super Saver,Beverage,10.5500001907349,30%-50%,Android Channel,2025-10-07 20:23:39,1
9XebLeaq,73,Family Meal,Wrap,12.0500001907349,15%-25%,Email Channel,2025-10-07 20:23:39,1
9XebLeaq,74,Super Saver,Side,9.06999969482422,20%-30%,Email Channel,2025-10-07 20:23:39,1
9XebLeaq,76,Family Meal,Dessert,5.26000022888184,20%-30%,Android Channel,2025-10-07 20:23:39,1
9XebLeaq,78,Super Saver,Side,7.86999988555908,15%-25%,Email Channel,2025-10-07 20:23:39,1
9XebLeaq,80,Lunch Combo,Beverage,9.07999992370605,20%-30%,Email Channel,2025-10-07 20:23:39,1
9XebLeaq,83,Lunch Combo,Wrap,8.72999954223633,20%-30%,Email Channel,2025-10-07 20:23:39,1
9XebLeaq,85,Super Saver,Dessert,3.96000003814697,10%-20%,Email Channel,2025-10-07 20:23:39,1
9XebLeaq,87,Value Deal,Salad,12.3199996948242,30%-50%,Email Channel,2025-10-07 20:23:39,1
9XebLeaq,89,BOGO,Side,11.4399995803833,5%-10%,Email Channel,2025-10-07 20:23:39,1
9XebLeaq,91,Value Deal,Salad,3.65000009536743,20%-30%,Email Channel,2025-10-07 20:23:39,1
9XebLeaq,92,Value Deal,Beverage,11.6300001144409,30%-50%,Email Channel,2025-10-07 20:23:39,1
9XebLeaq,94,Super Saver,Sandwich,6.71000003814697,20%-30%,Apple Channel,2025-10-07 20:23:39,1
9XebLeaq,97,2-for-1,Sandwich,6.28000020980835,30%-50%,Email Channel,2025-10-07 20:23:39,1
9XebLeaq,99,Value Deal,Wrap,7.01999998092651,20%-30%,Apple Channel,2025-10-07 20:23:39,1
9XebLeaq,1,Value Deal,Sandwich,3.78999996185303,10%-20%,Email Channel,2025-10-07 20:23:39,1
9XebLeaq,8,BOGO,Dessert,6.11999988555908,5%-10%,Email Channel,2025-10-07 20:23:39,1
9XebLeaq,10,Value Deal,Salad,11.5699996948242,5%-10%,Apple Channel,2025-10-07 20:23:39,1
9XebLeaq,13,2-for-1,Side,13.5799999237061,20%-30%,Android Channel,2025-10-07 20:23:39,1
9XebLeaq,14,2-for-1,Salad,5.1100001335144,30%-50%,Email Channel,2025-10-07 20:23:39,1
9XebLeaq,17,Family Meal,Beverage,10.3500003814697,15%-25%,Apple Channel,2025-10-07 20:23:39,1
9XebLeaq,19,Family Meal,Wrap,8.72000026702881,15%-25%,Apple Channel,2025-10-07 20:23:39,1
9XebLeaq,23,Happy Hour,Sandwich,4.48999977111816,5%-10%,Apple Channel,2025-10-07 20:23:39,1
9XebLeaq,24,2-for-1,Dessert,8.97000026702881,15%-25%,Apple Channel,2025-10-07 20:23:39,1
9XebLeaq,25,2-for-1,Side,12.1899995803833,15%-25%,Android Channel,2025-10-07 20:23:39,1
9XebLeaq,32,Happy Hour,Beverage,5.1100001335144,20%-30%,Email Channel,2025-10-07 20:23:39,1
9XebLeaq,35,BOGO,Beverage,6.55000019073486,20%-30%,Email Channel,2025-10-07 20:23:39,1
9XebLeaq,36,Value Deal,Dessert,9.10000038146973,10%-20%,Email Channel,2025-10-07 20:23:39,1
9XebLeaq,41,2-for-1,Dessert,11.7399997711182,20%-30%,Email Channel,2025-10-07 20:23:39,1
9XebLeaq,42,Family Meal,Salad,14.1800003051758,5%-10%,Android Channel,2025-10-07 20:23:39,1
9XebLeaq,43,BOGO,Sandwich,9.68000030517578,10%-20%,Email Channel,2025-10-07 20:23:39,1
9XebLeaq,44,2-for-1,Salad,6.78000020980835,30%-50%,Email Channel,2025-10-07 20:23:39,1
9XebLeaq,46,BOGO,Dessert,9.85999965667725,30%-50%,Email Channel,2025-10-07 20:23:39,1
9XebLeaq,47,2-for-1,Dessert,10.789999961853,20%-30%,Email Channel,2025-10-07 20:23:39,1
9XebLeaq,48,BOGO,Dessert,8.36999988555908,5%-10%,Email Channel,2025-10-07 20:23:39,1
9XebLeaq,52,Value Deal,Sandwich,7.57000017166138,20%-30%,Apple Channel,2025-10-07 20:23:39,1
9XebLeaq,56,2-for-1,Sandwich,11.0900001525879,15%-25%,Email Channel,2025-10-07 20:23:39,1
9XebLeaq,59,Lunch Combo,Dessert,12.539999961853,30%-50%,Email Channel,2025-10-07 20:23:39,1
9XebLeaq,60,2-for-1,Salad,4.01000022888184,30%-50%,Apple Channel,2025-10-07 20:23:39,1
9XebLeaq,62,Value Deal,Salad,9.32999992370605,15%-25%,Android Channel,2025-10-07 20:23:39,1
9XebLeaq,63,Happy Hour,Wrap,5.71000003814697,20%-30%,Email Channel,2025-10-07 20:23:39,1
9XebLeaq,64,Lunch Combo,Beverage,9.80000019073486,15%-25%,Email Channel,2025-10-07 20:23:39,1
9XebLeaq,68,Happy Hour,Sandwich,8.73999977111816,30%-50%,Email Channel,2025-10-07 20:23:39,1
9XebLeaq,69,Family Meal,Beverage,6.30999994277954,5%-10%,Email Channel,2025-10-07 20:23:39,1
9XebLeaq,70,2-for-1,Wrap,12.75,20%-30%,Email Channel,2025-10-07 20:23:39,1
9XebLeaq,71,Super Saver,Sandwich,8.75,30%-50%,Apple Channel,2025-10-07 20:23:39,1
9XebLeaq,72,Super Saver,Beverage,10.5500001907349,30%-50%,Android Channel,2025-10-07 20:23:39,1
9XebLeaq,73,Family Meal,Wrap,12.0500001907349,15%-25%,Email Channel,2025-10-07 20:23:39,1
9XebLeaq,74,Super Saver,Side,9.06999969482422,20%-30%,Email Channel,2025-10-07 20:23:39,1
9XebLeaq,76,Family Meal,Dessert,5.26000022888184,20%-30%,Android Channel,2025-10-07 20:23:39,1
9XebLeaq,78,Super Saver,Side,7.86999988555908,15%-25%,Email Channel,2025-10-07 20:23:39,1
9XebLeaq,80,Lunch Combo,Beverage,9.07999992370605,20%-30%,Email Channel,2025-10-07 20:23:39,1
9XebLeaq,83,Lunch Combo,Wrap,8.72999954223633,20%-30%,Email Channel,2025-10-07 20:23:39,1
9XebLeaq,85,Super Saver,Dessert,3.96000003814697,10%-20%,Email Channel,2025-10-07 20:23:39,1
9XebLeaq,87,Value Deal,Salad,12.3199996948242,30%-50%,Email Channel,2025-10-07 20:23:39,1
9XebLeaq,89,BOGO,Side,11.4399995803833,5%-10%,Email Channel,2025-10-07 20:23:39,1
9XebLeaq,91,Value Deal,Salad,3.65000009536743,20%-30%,Email Channel,2025-10-07 20:23:39,1
9XebLeaq,92,Value Deal,Beverage,11.6300001144409,30%-50%,Email Channel,2025-10-07 20:23:39,1
9XebLeaq,94,Super Saver,Sandwich,6.71000003814697,20%-30%,Apple Channel,2025-10-07 20:23:39,1
9XebLeaq,97,2-for-1,Sandwich,6.28000020980835,30%-50%,Email Channel,2025-10-07 20:23:39,1
9XebLeaq,99,Value Deal,Wrap,7.01999998092651,20%-30%,Apple Channel,2025-10-07 20:23:39,1
ZAP4Zkhi,1,Value Deal,Sandwich,3.78999996185303,10%-20%,Email Channel,2025-10-07 20:23:39,1
ZAP4Zkhi,8,BOGO,Dessert,6.11999988555908,5%-10%,Email Channel,2025-10-07 20:23:39,1
ZAP4Zkhi,10,Value Deal,Salad,11.5699996948242,5%-10%,Apple Channel,2025-10-07 20:23:39,1
ZAP4Zkhi,13,2-for-1,Side,13.5799999237061,20%-30%,Android Channel,2025-10-07 20:23:39,1
ZAP4Zkhi,14,2-for-1,Salad,5.1100001335144,30%-50%,Email Channel,2025-10-07 20:23:39,1
ZAP4Zkhi,17,Family Meal,Beverage,10.3500003814697,15%-25%,Apple Channel,2025-10-07 20:23:39,1
ZAP4Zkhi,19,Family Meal,Wrap,8.72000026702881,15%-25%,Apple Channel,2025-10-07 20:23:39,1
ZAP4Zkhi,23,Happy Hour,Sandwich,4.48999977111816,5%-10%,Apple Channel,2025-10-07 20:23:39,1
ZAP4Zkhi,24,2-for-1,Dessert,8.97000026702881,15%-25%,Apple Channel,2025-10-07 20:23:39,1
ZAP4Zkhi,25,2-for-1,Side,12.1899995803833,15%-25%,Android Channel,2025-10-07 20:23:39,1
ZAP4Zkhi,32,Happy Hour,Beverage,5.1100001335144,20%-30%,Email Channel,2025-10-07 20:23:39,1
ZAP4Zkhi,35,BOGO,Beverage,6.55000019073486,20%-30%,Email Channel,2025-10-07 20:23:39,1
ZAP4Zkhi,36,Value Deal,Dessert,9.10000038146973,10%-20%,Email Channel,2025-10-07 20:23:39,1
ZAP4Zkhi,41,2-for-1,Dessert,11.7399997711182,20%-30%,Email Channel,2025-10-07 20:23:39,1
ZAP4Zkhi,42,Family Meal,Salad,14.1800003051758,5%-10%,Android Channel,2025-10-07 20:23:39,1
ZAP4Zkhi,43,BOGO,Sandwich,9.68000030517578,10%-20%,Email Channel,2025-10-07 20:23:39,1
ZAP4Zkhi,44,2-for-1,Salad,6.78000020980835,30%-50%,Email Channel,2025-10-07 20:23:39,1
ZAP4Zkhi,46,BOGO,Dessert,9.85999965667725,30%-50%,Email Channel,2025-10-07 20:23:39,1
ZAP4Zkhi,47,2-for-1,Dessert,10.789999961853,20%-30%,Email Channel,2025-10-07 20:23:39,1
ZAP4Zkhi,48,BOGO,Dessert,8.36999988555908,5%-10%,Email Channel,2025-10-07 20:23:39,1
ZAP4Zkhi,52,Value Deal,Sandwich,7.57000017166138,20%-30%,Apple Channel,2025-10-07 20:23:39,1
ZAP4Zkhi,56,2-for-1,Sandwich,11.0900001525879,15%-25%,Email Channel,2025-10-07 20:23:39,1
ZAP4Zkhi,59,Lunch Combo,Dessert,12.539999961853,30%-50%,Email Channel,2025-10-07 20:23:39,1
ZAP4Zkhi,60,2-for-1,Salad,4.01000022888184,30%-50%,Apple Channel,2025-10-07 20:23:39,1
ZAP4Zkhi,62,Value Deal,Salad,9.32999992370605,15%-25%,Android Channel,2025-10-07 20:23:39,1
ZAP4Zkhi,63,Happy Hour,Wrap,5.71000003814697,20%-30%,Email Channel,2025-10-07 20:23:39,1
ZAP4Zkhi,64,Lunch Combo,Beverage,9.80000019073486,15%-25%,Email Channel,2025-10-07 20:23:39,1
ZAP4Zkhi,68,Happy Hour,Sandwich,8.73999977111816,30%-50%,Email Channel,2025-10-07 20:23:39,1
ZAP4Zkhi,69,Family Meal,Beverage,6.30999994277954,5%-10%,Email Channel,2025-10-07 20:23:39,1
ZAP4Zkhi,70,2-for-1,Wrap,12.75,20%-30%,Email Channel,2025-10-07 20:23:39,1
ZAP4Zkhi,71,Super Saver,Sandwich,8.75,30%-50%,Apple Channel,2025-10-07 20:23:39,1
ZAP4Zkhi,72,Super Saver,Beverage,10.5500001907349,30%-50%,Android Channel,2025-10-07 20:23:39,1
ZAP4Zkhi,73,Family Meal,Wrap,12.0500001907349,15%-25%,Email Channel,2025-10-07 20:23:39,1
ZAP4Zkhi,74,Super Saver,Side,9.06999969482422,20%-30%,Email Channel,2025-10-07 20:23:39,1
ZAP4Zkhi,76,Family Meal,Dessert,5.26000022888184,20%-30%,Android Channel,2025-10-07 20:23:39,1
ZAP4Zkhi,78,Super Saver,Side,7.86999988555908,15%-25%,Email Channel,2025-10-07 20:23:39,1
ZAP4Zkhi,80,Lunch Combo,Beverage,9.07999992370605,20%-30%,Email Channel,2025-10-07 20:23:39,1
ZAP4Zkhi,83,Lunch Combo,Wrap,8.72999954223633,20%-30%,Email Channel,2025-10-07 20:23:39,1
ZAP4Zkhi,85,Super Saver,Dessert,3.96000003814697,10%-20%,Email Channel,2025-10-07 20:23:39,1
ZAP4Zkhi,87,Value Deal,Salad,12.3199996948242,30%-50%,Email Channel,2025-10-07 20:23:39,1
ZAP4Zkhi,89,BOGO,Side,11.4399995803833,5%-10%,Email Channel,2025-10-07 20:23:39,1
ZAP4Zkhi,91,Value Deal,Salad,3.65000009536743,20%-30%,Email Channel,2025-10-07 20:23:39,1
ZAP4Zkhi,92,Value Deal,Beverage,11.6300001144409,30%-50%,Email Channel,2025-10-07 20:23:39,1
ZAP4Zkhi,94,Super Saver,Sandwich,6.71000003814697,20%-30%,Apple Channel,2025-10-07 20:23:39,1
ZAP4Zkhi,97,2-for-1,Sandwich,6.28000020980835,30%-50%,Email Channel,2025-10-07 20:23:39,1
ZAP4Zkhi,99,Value Deal,Wrap,7.01999998092651,20%-30%,Apple Channel,2025-10-07 20:23:39,1
HeYGkAII,1,Value Deal,Sandwich,3.78999996185303,10%-20%,Email Channel,2025-10-07 20:23:39,1
HeYGkAII,8,BOGO,Dessert,6.11999988555908,5%-10%,Email Channel,2025-10-07 20:23:39,1
HeYGkAII,10,Value Deal,Salad,11.5699996948242,5%-10%,Apple Channel,2025-10-07 20:23:39,1
HeYGkAII,13,2-for-1,Side,13.5799999237061,20%-30%,Android Channel,2025-10-07 20:23:39,1
HeYGkAII,14,2-for-1,Salad,5.1100001335144,30%-50%,Email Channel,2025-10-07 20:23:39,1
HeYGkAII,17,Family Meal,Beverage,10.3500003814697,15%-25%,Apple Channel,2025-10-07 20:23:39,1
HeYGkAII,19,Family Meal,Wrap,8.72000026702881,15%-25%,Apple Channel,2025-10-07 20:23:39,1
HeYGkAII,21,Lunch Combo,Wrap,9.69999980926514,30%-50%,Email Channel,2025-10-07 20:23:39,1
HeYGkAII,23,Happy Hour,Sandwich,4.48999977111816,5%-10%,Apple Channel,2025-10-07 20:23:39,1
HeYGkAII,24,2-for-1,Dessert,8.97000026702881,15%-25%,Apple Channel,2025-10-07 20:23:39,1
HeYGkAII,25,2-for-1,Side,12.1899995803833,15%-25%,Android Channel,2025-10-07 20:23:39,1
HeYGkAII,32,Happy Hour,Beverage,5.1100001335144,20%-30%,Email Channel,2025-10-07 20:23:39,1
HeYGkAII,35,BOGO,Beverage,6.55000019073486,20%-30%,Email Channel,2025-10-07 20:23:39,1
HeYGkAII,36,Value Deal,Dessert,9.10000038146973,10%-20%,Email Channel,2025-10-07 20:23:39,1
HeYGkAII,41,2-for-1,Dessert,11.7399997711182,20%-30%,Email Channel,2025-10-07 20:23:39,1
HeYGkAII,42,Family Meal,Salad,14.1800003051758,5%-10%,Android Channel,2025-10-07 20:23:39,1
HeYGkAII,43,BOGO,Sandwich,9.68000030517578,10%-20%,Email Channel,2025-10-07 20:23:39,1
HeYGkAII,44,2-for-1,Salad,6.78000020980835,30%-50%,Email Channel,2025-10-07 20:23:39,1
HeYGkAII,46,BOGO,Dessert,9.85999965667725,30%-50%,Email Channel,2025-10-07 20:23:39,1
HeYGkAII,47,2-for-1,Dessert,10.789999961853,20%-30%,Email Channel,2025-10-07 20:23:39,1
