guest_id,decision_time,exposure_offer_id,eligible_flag,treatment_flag,channel_exposed,response_within_window,label_window_start,label_window_end,label_spec_version,snapshot_id
03bfc8PX,2024-11-24 17:00:00,36,1,1,iOS applications channel,0,2024-11-24 17:00:00,2024-12-01 17:00:00,label_spec_v1,snap_20250905
08eVRjbD,2025-07-18 20:00:00,9,1,1,iOS applications channel,0,2025-07-18 20:00:00,2025-07-25 20:00:00,label_spec_v1,snap_20250905
0eKxhGR5,2025-01-15 10:00:00,19,1,1,Email channel,0,2025-01-15 10:00:00,2025-01-22 10:00:00,label_spec_v1,snap_20250905
0FgB9xO5,2025-01-03 12:00:00,25,1,1,Email channel,0,2025-01-03 12:00:00,2025-01-10 12:00:00,label_spec_v1,snap_20250905
0Oj1Mqu6,2024-09-29 13:00:00,13,1,1,Android applications channel,0,2024-09-29 13:00:00,2024-10-06 13:00:00,label_spec_v1,snap_20250905
0pfDCZKC,2024-11-07 17:00:00,38,1,1,Email channel,0,2024-11-07 17:00:00,2024-11-14 17:00:00,label_spec_v1,snap_20250905
0W3iPRje,2025-05-24 11:00:00,26,1,1,Email channel,0,2025-05-24 11:00:00,2025-05-31 11:00:00,label_spec_v1,snap_20250905
0y9JGPFA,2025-02-24 18:00:00,32,1,1,Android applications channel,0,2025-02-24 18:00:00,2025-03-03 18:00:00,label_spec_v1,snap_20250905
0zxRO8Pf,2025-07-30 15:00:00,16,1,1,Email channel,0,2025-07-30 15:00:00,2025-08-06 15:00:00,label_spec_v1,snap_20250905
12ujfTp9,2025-05-27 17:00:00,2,1,1,iOS applications channel,0,2025-05-27 17:00:00,2025-06-03 17:00:00,label_spec_v1,snap_20250905
155sXZoM,2025-09-03 11:00:00,39,1,1,Email channel,0,2025-09-03 11:00:00,2025-09-10 11:00:00,label_spec_v1,snap_20250905
1bdShACy,2024-12-22 15:00:00,21,1,1,Android applications channel,0,2024-12-22 15:00:00,2024-12-29 15:00:00,label_spec_v1,snap_20250905
1eHqy6oH,2025-07-11 20:00:00,21,1,1,Email channel,0,2025-07-11 20:00:00,2025-07-18 20:00:00,label_spec_v1,snap_20250905
1ffBgVVx,2025-04-04 20:00:00,32,1,1,Android applications channel,0,2025-04-04 20:00:00,2025-04-11 20:00:00,label_spec_v1,snap_20250905
1HmwTAsk,2025-03-30 21:00:00,22,1,1,iOS applications channel,0,2025-03-30 21:00:00,2025-04-06 21:00:00,label_spec_v1,snap_20250905
1Is42BZa,2025-04-10 12:00:00,20,1,1,iOS applications channel,0,2025-04-10 12:00:00,2025-04-17 12:00:00,label_spec_v1,snap_20250905
1J5GmKIj,2025-07-13 09:00:00,33,1,1,Android applications channel,0,2025-07-13 09:00:00,2025-07-20 09:00:00,label_spec_v1,snap_20250905
1KQFj8fX,2024-10-06 17:00:00,5,1,1,Android applications channel,0,2024-10-06 17:00:00,2024-10-13 17:00:00,label_spec_v1,snap_20250905
1o6OTTPx,2025-04-28 08:00:00,12,1,1,Android applications channel,0,2025-04-28 08:00:00,2025-05-05 08:00:00,label_spec_v1,snap_20250905
1QtFYKJw,2024-11-21 08:12:29,6,1,1,Email channel,1,2024-11-21 08:12:29,2024-11-28 08:12:29,label_spec_v1,snap_20250905
1r1VqLIK,2025-07-26 17:00:00,25,1,1,Email channel,0,2025-07-26 17:00:00,2025-08-02 17:00:00,label_spec_v1,snap_20250905
1SKgBiqE,2024-09-24 09:00:00,36,1,1,iOS applications channel,0,2024-09-24 09:00:00,2024-10-01 09:00:00,label_spec_v1,snap_20250905
1tLvG1GI,2025-08-02 15:00:00,4,1,1,iOS applications channel,0,2025-08-02 15:00:00,2025-08-09 15:00:00,label_spec_v1,snap_20250905
1y0HA9IR,2025-02-13 19:00:00,9,1,1,iOS applications channel,0,2025-02-13 19:00:00,2025-02-20 19:00:00,label_spec_v1,snap_20250905
21Zvhc8D,2024-11-22 15:00:00,2,1,1,Android applications channel,0,2024-11-22 15:00:00,2024-11-29 15:00:00,label_spec_v1,snap_20250905
2fqmO9Jr,2025-04-06 20:00:00,38,1,1,Android applications channel,0,2025-04-06 20:00:00,2025-04-13 20:00:00,label_spec_v1,snap_20250905
2GOb0LLz,2025-01-24 09:00:00,30,1,1,Android applications channel,0,2025-01-24 09:00:00,2025-01-31 09:00:00,label_spec_v1,snap_20250905
2hsfWkrC,2025-03-30 20:00:00,35,1,1,iOS applications channel,0,2025-03-30 20:00:00,2025-04-06 20:00:00,label_spec_v1,snap_20250905
2JX0NNRP,2024-09-14 15:00:00,30,1,1,iOS applications channel,0,2024-09-14 15:00:00,2024-09-21 15:00:00,label_spec_v1,snap_20250905
2pdpf7Bh,2025-03-20 15:00:00,24,1,1,iOS applications channel,0,2025-03-20 15:00:00,2025-03-27 15:00:00,label_spec_v1,snap_20250905
2qGFq562,2025-08-30 13:08:15,14,1,1,Android applications channel,1,2025-08-30 13:08:15,2025-09-06 13:08:15,label_spec_v1,snap_20250905
2SRg3oit,2024-11-26 03:04:26,10,1,1,Email channel,1,2024-11-26 03:04:26,2024-12-03 03:04:26,label_spec_v1,snap_20250905
2ub9nLjW,2025-05-24 20:00:00,5,1,1,Android applications channel,0,2025-05-24 20:00:00,2025-05-31 20:00:00,label_spec_v1,snap_20250905
2v2R2Iy9,2024-12-15 20:00:00,8,1,1,iOS applications channel,0,2024-12-15 20:00:00,2024-12-22 20:00:00,label_spec_v1,snap_20250905
2wDqnDtR,2025-02-26 09:00:00,16,1,1,Email channel,0,2025-02-26 09:00:00,2025-03-05 09:00:00,label_spec_v1,snap_20250905
2YgGXI1V,2024-10-02 13:00:00,35,1,1,Android applications channel,0,2024-10-02 13:00:00,2024-10-09 13:00:00,label_spec_v1,snap_20250905
32CgH6Da,2025-08-15 20:00:00,18,1,1,iOS applications channel,0,2025-08-15 20:00:00,2025-08-22 20:00:00,label_spec_v1,snap_20250905
36wNBrOY,2025-04-08 18:00:00,11,1,1,Android applications channel,0,2025-04-08 18:00:00,2025-04-15 18:00:00,label_spec_v1,snap_20250905
37EK4pEt,2025-05-31 15:00:00,13,1,1,Email channel,0,2025-05-31 15:00:00,2025-06-07 15:00:00,label_spec_v1,snap_20250905
3ANVj77p,2024-12-01 18:00:00,33,1,1,Android applications channel,0,2024-12-01 18:00:00,2024-12-08 18:00:00,label_spec_v1,snap_20250905
3ECqWp1O,2025-08-19 17:00:00,35,1,1,iOS applications channel,0,2025-08-19 17:00:00,2025-08-26 17:00:00,label_spec_v1,snap_20250905
3jCIEwvJ,2024-12-18 12:07:09,3,1,1,Email channel,1,2024-12-18 12:07:09,2024-12-25 12:07:09,label_spec_v1,snap_20250905
3JjhcaKM,2025-08-11 18:00:00,24,1,1,Email channel,0,2025-08-11 18:00:00,2025-08-18 18:00:00,label_spec_v1,snap_20250905
3keWFupv,2025-02-14 19:00:00,12,1,1,Email channel,0,2025-02-14 19:00:00,2025-02-21 19:00:00,label_spec_v1,snap_20250905
3kZZl4Ab,2025-02-01 17:00:00,31,1,1,Android applications channel,0,2025-02-01 17:00:00,2025-02-08 17:00:00,label_spec_v1,snap_20250905
3oobQmzv,2025-08-21 13:00:00,10,1,1,Android applications channel,0,2025-08-21 13:00:00,2025-08-28 13:00:00,label_spec_v1,snap_20250905
3QHtDP9b,2024-10-12 06:17:57,9,1,1,iOS applications channel,1,2024-10-12 06:17:57,2024-10-19 06:17:57,label_spec_v1,snap_20250905
3udbjLT6,2025-07-17 10:00:00,2,1,1,Android applications channel,0,2025-07-17 10:00:00,2025-07-24 10:00:00,label_spec_v1,snap_20250905
3UPx98aJ,2024-11-19 09:00:00,24,1,1,Android applications channel,0,2024-11-19 09:00:00,2024-11-26 09:00:00,label_spec_v1,snap_20250905
3whlIzHi,2025-07-11 16:00:00,29,1,1,Email channel,0,2025-07-11 16:00:00,2025-07-18 16:00:00,label_spec_v1,snap_20250905
3xJ7gT2H,2025-05-27 20:00:00,3,1,1,Android applications channel,0,2025-05-27 20:00:00,2025-06-03 20:00:00,label_spec_v1,snap_20250905
41l76c1z,2025-08-31 15:46:05,27,1,1,iOS applications channel,1,2025-08-31 15:46:05,2025-09-07 15:46:05,label_spec_v1,snap_20250905
41U5iE6F,2024-11-18 09:00:00,7,1,1,Email channel,0,2024-11-18 09:00:00,2024-11-25 09:00:00,label_spec_v1,snap_20250905
41XJOLlX,2024-12-04 05:17:53,25,1,1,Email channel,1,2024-12-04 05:17:53,2024-12-11 05:17:53,label_spec_v1,snap_20250905
48i2GDrm,2025-08-09 14:51:44,4,1,1,Android applications channel,1,2025-08-09 14:51:44,2025-08-16 14:51:44,label_spec_v1,snap_20250905
4HcQv4XN,2024-12-22 18:00:00,6,1,1,Android applications channel,0,2024-12-22 18:00:00,2024-12-29 18:00:00,label_spec_v1,snap_20250905
4i3erXY2,2025-06-24 20:00:00,7,1,1,Android applications channel,0,2025-06-24 20:00:00,2025-07-01 20:00:00,label_spec_v1,snap_20250905
4JEdfryi,2025-03-13 16:00:00,32,1,1,Email channel,0,2025-03-13 16:00:00,2025-03-20 16:00:00,label_spec_v1,snap_20250905
4KPONu3O,2024-11-20 10:00:00,6,1,1,iOS applications channel,0,2024-11-20 10:00:00,2024-11-27 10:00:00,label_spec_v1,snap_20250905
4S5jIc1x,2025-05-25 10:00:00,17,1,1,Android applications channel,0,2025-05-25 10:00:00,2025-06-01 10:00:00,label_spec_v1,snap_20250905
4SFhbOMZ,2025-07-20 09:58:04,17,1,1,Android applications channel,1,2025-07-20 09:58:04,2025-07-27 09:58:04,label_spec_v1,snap_20250905
4uG4yAM6,2025-08-17 12:38:54,17,1,1,Email channel,1,2025-08-17 12:38:54,2025-08-24 12:38:54,label_spec_v1,snap_20250905
4xHG6r1k,2025-08-05 18:00:00,18,1,1,Android applications channel,0,2025-08-05 18:00:00,2025-08-12 18:00:00,label_spec_v1,snap_20250905
51vTfGPl,2025-01-24 19:00:00,38,1,1,Email channel,0,2025-01-24 19:00:00,2025-01-31 19:00:00,label_spec_v1,snap_20250905
57Y3c5wn,2024-09-13 09:00:00,14,1,1,Email channel,0,2024-09-13 09:00:00,2024-09-20 09:00:00,label_spec_v1,snap_20250905
5ETbB8Pk,2025-09-03 10:53:54,26,1,1,iOS applications channel,1,2025-09-03 10:53:54,2025-09-10 10:53:54,label_spec_v1,snap_20250905
5gGUNhsh,2025-07-17 09:00:00,4,1,1,Android applications channel,0,2025-07-17 09:00:00,2025-07-24 09:00:00,label_spec_v1,snap_20250905
5Gj1Bf86,2025-04-28 20:00:00,40,1,1,Android applications channel,0,2025-04-28 20:00:00,2025-05-05 20:00:00,label_spec_v1,snap_20250905
5HZKRNjh,2025-02-26 18:00:00,18,1,1,Email channel,0,2025-02-26 18:00:00,2025-03-05 18:00:00,label_spec_v1,snap_20250905
5IEPXjxz,2024-11-08 18:00:00,35,1,1,Android applications channel,0,2024-11-08 18:00:00,2024-11-15 18:00:00,label_spec_v1,snap_20250905
5IfijoyS,2025-06-07 11:00:00,38,1,1,Android applications channel,0,2025-06-07 11:00:00,2025-06-14 11:00:00,label_spec_v1,snap_20250905
5KRUhoVG,2025-07-23 07:31:06,26,1,1,iOS applications channel,1,2025-07-23 07:31:06,2025-07-30 07:31:06,label_spec_v1,snap_20250905
5MI0a58X,2024-11-19 14:00:00,32,1,1,Android applications channel,0,2024-11-19 14:00:00,2024-11-26 14:00:00,label_spec_v1,snap_20250905
5QqfPIyl,2025-01-14 05:12:21,29,1,1,Email channel,1,2025-01-14 05:12:21,2025-01-21 05:12:21,label_spec_v1,snap_20250905
5sRIkeC8,2025-08-29 15:00:00,14,1,1,iOS applications channel,0,2025-08-29 15:00:00,2025-09-05 15:00:00,label_spec_v1,snap_20250905
5t2kTT7S,2025-08-31 08:00:00,18,1,1,Android applications channel,0,2025-08-31 08:00:00,2025-09-07 08:00:00,label_spec_v1,snap_20250905
5TCfZR92,2025-08-04 18:00:00,6,1,1,Android applications channel,0,2025-08-04 18:00:00,2025-08-11 18:00:00,label_spec_v1,snap_20250905
5yC366yy,2025-05-12 11:00:00,9,1,1,iOS applications channel,0,2025-05-12 11:00:00,2025-05-19 11:00:00,label_spec_v1,snap_20250905
63SAIcY9,2024-11-04 08:00:00,29,1,1,Email channel,0,2024-11-04 08:00:00,2024-11-11 08:00:00,label_spec_v1,snap_20250905
6an7m9Vh,2025-07-12 20:00:00,9,1,1,iOS applications channel,0,2025-07-12 20:00:00,2025-07-19 20:00:00,label_spec_v1,snap_20250905
6con53S4,2025-06-26 17:00:00,12,1,1,Android applications channel,0,2025-06-26 17:00:00,2025-07-03 17:00:00,label_spec_v1,snap_20250905
6HfPQBGx,2025-03-25 10:00:00,37,1,1,Email channel,0,2025-03-25 10:00:00,2025-04-01 10:00:00,label_spec_v1,snap_20250905
6LEZKRCl,2025-06-23 10:00:00,37,1,1,Email channel,0,2025-06-23 10:00:00,2025-06-30 10:00:00,label_spec_v1,snap_20250905
6lrrC4jc,2025-05-06 13:14:13,1,1,1,iOS applications channel,1,2025-05-06 13:14:13,2025-05-13 13:14:13,label_spec_v1,snap_20250905
6XfPKoIV,2025-02-18 08:00:00,17,1,1,iOS applications channel,0,2025-02-18 08:00:00,2025-02-25 08:00:00,label_spec_v1,snap_20250905
7lH9zMKO,2025-08-31 07:18:58,38,1,1,Android applications channel,1,2025-08-31 07:18:58,2025-09-07 07:18:58,label_spec_v1,snap_20250905
7uMdX7ON,2024-12-06 08:00:00,16,1,1,Email channel,0,2024-12-06 08:00:00,2024-12-13 08:00:00,label_spec_v1,snap_20250905
7vsDPIHF,2025-03-23 14:00:00,22,1,1,Email channel,0,2025-03-23 14:00:00,2025-03-30 14:00:00,label_spec_v1,snap_20250905
85PtmjHW,2025-02-01 20:00:00,28,1,1,Email channel,0,2025-02-01 20:00:00,2025-02-08 20:00:00,label_spec_v1,snap_20250905
8deQOzxG,2025-08-06 10:56:10,1,1,1,Email channel,1,2025-08-06 10:56:10,2025-08-13 10:56:10,label_spec_v1,snap_20250905
8Ju6NoPe,2025-06-25 11:00:00,17,1,1,Android applications channel,0,2025-06-25 11:00:00,2025-07-02 11:00:00,label_spec_v1,snap_20250905
8L4V6lOR,2025-04-23 20:00:00,34,1,1,Email channel,0,2025-04-23 20:00:00,2025-04-30 20:00:00,label_spec_v1,snap_20250905
8m1Z4FIt,2024-10-26 20:00:00,20,1,1,iOS applications channel,0,2024-10-26 20:00:00,2024-11-02 20:00:00,label_spec_v1,snap_20250905
8nXiWqsu,2025-08-01 17:00:00,34,1,1,iOS applications channel,0,2025-08-01 17:00:00,2025-08-08 17:00:00,label_spec_v1,snap_20250905
8QwGt2k1,2025-06-25 05:50:13,5,1,1,Android applications channel,1,2025-06-25 05:50:13,2025-07-02 05:50:13,label_spec_v1,snap_20250905
8rGIFCfM,2025-02-16 18:00:00,32,1,1,Android applications channel,0,2025-02-16 18:00:00,2025-02-23 18:00:00,label_spec_v1,snap_20250905
8UjwtvDY,2025-01-24 09:15:24,34,1,1,Email channel,1,2025-01-24 09:15:24,2025-01-31 09:15:24,label_spec_v1,snap_20250905
8vaWQy2V,2024-09-21 13:00:00,11,1,1,Android applications channel,0,2024-09-21 13:00:00,2024-09-28 13:00:00,label_spec_v1,snap_20250905
8vx0d0o2,2025-02-03 12:00:00,10,1,1,Android applications channel,0,2025-02-03 12:00:00,2025-02-10 12:00:00,label_spec_v1,snap_20250905
8WCl8knZ,2025-02-19 06:58:41,21,1,1,Email channel,1,2025-02-19 06:58:41,2025-02-26 06:58:41,label_spec_v1,snap_20250905
8wcoWFoe,2025-08-12 10:42:50,13,1,1,Email channel,1,2025-08-12 10:42:50,2025-08-19 10:42:50,label_spec_v1,snap_20250905
8woPeX9P,2025-02-21 11:24:02,6,1,1,Android applications channel,1,2025-02-21 11:24:02,2025-02-28 11:24:02,label_spec_v1,snap_20250905
8WpRtoZm,2025-05-17 18:00:00,29,1,1,iOS applications channel,0,2025-05-17 18:00:00,2025-05-24 18:00:00,label_spec_v1,snap_20250905
8xWjmMGz,2025-04-07 16:59:07,39,1,1,iOS applications channel,1,2025-04-07 16:59:07,2025-04-14 16:59:07,label_spec_v1,snap_20250905
93ELJwwk,2025-07-18 14:00:00,16,1,1,Email channel,0,2025-07-18 14:00:00,2025-07-25 14:00:00,label_spec_v1,snap_20250905
98g7gKXg,2025-04-10 19:00:00,11,1,1,Email channel,0,2025-04-10 19:00:00,2025-04-17 19:00:00,label_spec_v1,snap_20250905
9djTrfc6,2025-06-05 07:02:16,11,1,1,iOS applications channel,1,2025-06-05 07:02:16,2025-06-12 07:02:16,label_spec_v1,snap_20250905
9Dr1yS2E,2025-01-21 13:00:00,13,1,1,Email channel,0,2025-01-21 13:00:00,2025-01-28 13:00:00,label_spec_v1,snap_20250905
9iBG63d1,2025-05-17 11:00:00,1,1,1,Android applications channel,0,2025-05-17 11:00:00,2025-05-24 11:00:00,label_spec_v1,snap_20250905
9JS47NYw,2025-05-15 09:00:00,1,1,1,Email channel,0,2025-05-15 09:00:00,2025-05-22 09:00:00,label_spec_v1,snap_20250905
9PrNZ6IX,2025-03-21 21:00:00,1,1,1,Android applications channel,0,2025-03-21 21:00:00,2025-03-28 21:00:00,label_spec_v1,snap_20250905
9PSQziMT,2024-12-25 12:00:00,14,1,1,iOS applications channel,0,2024-12-25 12:00:00,2025-01-01 12:00:00,label_spec_v1,snap_20250905
9PYXLKoU,2024-10-20 12:00:00,7,1,1,Email channel,0,2024-10-20 12:00:00,2024-10-27 12:00:00,label_spec_v1,snap_20250905
9Tfw7CPq,2025-04-23 14:00:00,8,1,1,iOS applications channel,0,2025-04-23 14:00:00,2025-04-30 14:00:00,label_spec_v1,snap_20250905
9ukZ8ND1,2024-09-24 18:00:00,30,1,1,Email channel,0,2024-09-24 18:00:00,2024-10-01 18:00:00,label_spec_v1,snap_20250905
9Wv9YBga,2024-12-04 20:00:00,18,1,1,Android applications channel,0,2024-12-04 20:00:00,2024-12-11 20:00:00,label_spec_v1,snap_20250905
9XebLeaq,2025-06-15 03:13:52,21,1,1,Email channel,1,2025-06-15 03:13:52,2025-06-22 03:13:52,label_spec_v1,snap_20250905
9zDKpSot,2024-11-10 11:27:05,15,1,1,Email channel,1,2024-11-10 11:27:05,2024-11-17 11:27:05,label_spec_v1,snap_20250905
9ZYE51mx,2025-04-19 20:00:00,20,1,1,iOS applications channel,0,2025-04-19 20:00:00,2025-04-26 20:00:00,label_spec_v1,snap_20250905
a2gBi4qU,2025-01-17 21:00:00,7,1,1,Android applications channel,0,2025-01-17 21:00:00,2025-01-24 21:00:00,label_spec_v1,snap_20250905
a5W3X4gX,2024-11-05 14:00:00,23,1,1,Email channel,0,2024-11-05 14:00:00,2024-11-12 14:00:00,label_spec_v1,snap_20250905
ac23apcE,2025-03-05 20:00:00,7,1,1,Android applications channel,0,2025-03-05 20:00:00,2025-03-12 20:00:00,label_spec_v1,snap_20250905
aDNKgeIn,2025-07-27 14:00:00,37,1,1,Android applications channel,0,2025-07-27 14:00:00,2025-08-03 14:00:00,label_spec_v1,snap_20250905
AFEn3z5d,2024-12-22 06:49:47,27,1,1,Email channel,1,2024-12-22 06:49:47,2024-12-29 06:49:47,label_spec_v1,snap_20250905
AhIw9XnC,2025-02-26 17:00:00,20,1,1,Email channel,0,2025-02-26 17:00:00,2025-03-05 17:00:00,label_spec_v1,snap_20250905
AjASnAGX,2025-06-03 13:00:00,8,1,1,iOS applications channel,0,2025-06-03 13:00:00,2025-06-10 13:00:00,label_spec_v1,snap_20250905
AJYJElxJ,2025-09-04 16:00:00,21,1,1,Email channel,0,2025-09-04 16:00:00,2025-09-11 16:00:00,label_spec_v1,snap_20250905
AmP4ZHpO,2024-12-23 11:00:00,15,1,1,Email channel,0,2024-12-23 11:00:00,2024-12-30 11:00:00,label_spec_v1,snap_20250905
AP744EEP,2025-07-08 08:00:00,2,1,1,iOS applications channel,0,2025-07-08 08:00:00,2025-07-15 08:00:00,label_spec_v1,snap_20250905
aQ3IDAdm,2025-03-14 07:16:04,37,1,1,iOS applications channel,1,2025-03-14 07:16:04,2025-03-21 07:16:04,label_spec_v1,snap_20250905
ar2jiIqZ,2025-01-17 16:00:00,4,1,1,Android applications channel,0,2025-01-17 16:00:00,2025-01-24 16:00:00,label_spec_v1,snap_20250905
aTnnrWTZ,2025-07-06 11:36:07,26,1,1,Android applications channel,1,2025-07-06 11:36:07,2025-07-13 11:36:07,label_spec_v1,snap_20250905
AUguBuQq,2024-10-08 12:00:00,24,1,1,Android applications channel,0,2024-10-08 12:00:00,2024-10-15 12:00:00,label_spec_v1,snap_20250905
ax7uiy31,2024-12-23 14:00:00,24,1,1,Email channel,0,2024-12-23 14:00:00,2024-12-30 14:00:00,label_spec_v1,snap_20250905
AyCOzBub,2024-11-15 16:00:00,12,1,1,Android applications channel,0,2024-11-15 16:00:00,2024-11-22 16:00:00,label_spec_v1,snap_20250905
aYSNLHYA,2024-09-23 20:00:00,7,1,1,Android applications channel,0,2024-09-23 20:00:00,2024-09-30 20:00:00,label_spec_v1,snap_20250905
AZvUhERE,2025-06-29 08:18:42,36,1,1,iOS applications channel,1,2025-06-29 08:18:42,2025-07-06 08:18:42,label_spec_v1,snap_20250905
B16JC5kV,2025-07-09 12:00:00,1,1,1,iOS applications channel,0,2025-07-09 12:00:00,2025-07-16 12:00:00,label_spec_v1,snap_20250905
b1QzraK3,2025-02-28 14:00:00,25,1,1,Email channel,0,2025-02-28 14:00:00,2025-03-07 14:00:00,label_spec_v1,snap_20250905
b4UUQ0s8,2025-04-05 05:56:12,22,1,1,Android applications channel,1,2025-04-05 05:56:12,2025-04-12 05:56:12,label_spec_v1,snap_20250905
b5ZXrdZE,2025-04-27 09:00:00,24,1,1,iOS applications channel,0,2025-04-27 09:00:00,2025-05-04 09:00:00,label_spec_v1,snap_20250905
b6H0XxGZ,2025-06-11 18:00:00,23,1,1,Email channel,0,2025-06-11 18:00:00,2025-06-18 18:00:00,label_spec_v1,snap_20250905
b8UD8TnC,2025-04-05 13:00:00,16,1,1,Email channel,0,2025-04-05 13:00:00,2025-04-12 13:00:00,label_spec_v1,snap_20250905
Be8Q6vNu,2025-06-23 08:00:00,7,1,1,Email channel,0,2025-06-23 08:00:00,2025-06-30 08:00:00,label_spec_v1,snap_20250905
bF2ulFnw,2024-09-12 20:00:00,2,1,1,Android applications channel,0,2024-09-12 20:00:00,2024-09-19 20:00:00,label_spec_v1,snap_20250905
Bfs0QOME,2025-08-27 11:00:00,14,1,1,iOS applications channel,0,2025-08-27 11:00:00,2025-09-03 11:00:00,label_spec_v1,snap_20250905
bHEav6Nm,2025-08-11 08:54:08,25,1,1,Email channel,1,2025-08-11 08:54:08,2025-08-18 08:54:08,label_spec_v1,snap_20250905
BkSCwCcU,2025-07-22 06:31:17,9,1,1,Android applications channel,1,2025-07-22 06:31:17,2025-07-29 06:31:17,label_spec_v1,snap_20250905
blrSWt6v,2025-03-22 13:50:07,26,1,1,Email channel,1,2025-03-22 13:50:07,2025-03-29 13:50:07,label_spec_v1,snap_20250905
BLzHfz3t,2025-08-22 18:00:00,16,1,1,iOS applications channel,0,2025-08-22 18:00:00,2025-08-29 18:00:00,label_spec_v1,snap_20250905
BM0lIsug,2025-01-30 09:57:52,7,1,1,Android applications channel,1,2025-01-30 09:57:52,2025-02-06 09:57:52,label_spec_v1,snap_20250905
BmS6i4Pt,2024-11-09 08:00:00,28,1,1,Email channel,0,2024-11-09 08:00:00,2024-11-16 08:00:00,label_spec_v1,snap_20250905
BolZ9SHD,2024-12-31 10:00:00,21,1,1,Email channel,0,2024-12-31 10:00:00,2025-01-07 10:00:00,label_spec_v1,snap_20250905
BwSeId75,2025-02-12 09:05:26,1,1,1,Email channel,1,2025-02-12 09:05:26,2025-02-19 09:05:26,label_spec_v1,snap_20250905
bxtl8nv8,2025-07-19 09:00:39,18,1,1,iOS applications channel,1,2025-07-19 09:00:39,2025-07-26 09:00:39,label_spec_v1,snap_20250905
by3EcOyx,2025-04-02 19:00:00,3,1,1,iOS applications channel,0,2025-04-02 19:00:00,2025-04-09 19:00:00,label_spec_v1,snap_20250905
bydk2KX9,2024-11-09 16:00:00,31,1,1,Android applications channel,0,2024-11-09 16:00:00,2024-11-16 16:00:00,label_spec_v1,snap_20250905
BzB9Eyac,2025-03-15 08:00:00,2,1,1,Android applications channel,0,2025-03-15 08:00:00,2025-03-22 08:00:00,label_spec_v1,snap_20250905
C2xfIU1m,2024-10-08 13:00:00,37,1,1,iOS applications channel,0,2024-10-08 13:00:00,2024-10-15 13:00:00,label_spec_v1,snap_20250905
c4BVuMqb,2025-02-15 17:00:00,13,1,1,iOS applications channel,0,2025-02-15 17:00:00,2025-02-22 17:00:00,label_spec_v1,snap_20250905
C6ZKPmuM,2025-08-05 10:00:00,1,1,1,Android applications channel,0,2025-08-05 10:00:00,2025-08-12 10:00:00,label_spec_v1,snap_20250905
ca2iQPkv,2025-06-06 08:00:00,25,1,1,Email channel,0,2025-06-06 08:00:00,2025-06-13 08:00:00,label_spec_v1,snap_20250905
CaqnpSew,2025-01-02 09:00:00,7,1,1,iOS applications channel,0,2025-01-02 09:00:00,2025-01-09 09:00:00,label_spec_v1,snap_20250905
cCqw30fC,2025-07-25 16:17:30,36,1,1,iOS applications channel,1,2025-07-25 16:17:30,2025-08-01 16:17:30,label_spec_v1,snap_20250905
CDqo1rKd,2024-11-13 15:00:00,36,1,1,iOS applications channel,0,2024-11-13 15:00:00,2024-11-20 15:00:00,label_spec_v1,snap_20250905
CeTsprvu,2024-11-23 10:00:00,4,1,1,Android applications channel,0,2024-11-23 10:00:00,2024-11-30 10:00:00,label_spec_v1,snap_20250905
CFowJ8yB,2024-10-09 10:00:00,10,1,1,Android applications channel,0,2024-10-09 10:00:00,2024-10-16 10:00:00,label_spec_v1,snap_20250905
cfzyyJEd,2025-03-04 16:00:00,22,1,1,Email channel,0,2025-03-04 16:00:00,2025-03-11 16:00:00,label_spec_v1,snap_20250905
ciG9Lv3g,2025-06-16 08:00:00,30,1,1,Android applications channel,0,2025-06-16 08:00:00,2025-06-23 08:00:00,label_spec_v1,snap_20250905
cJF6nS7E,2024-10-09 08:00:00,5,1,1,iOS applications channel,0,2024-10-09 08:00:00,2024-10-16 08:00:00,label_spec_v1,snap_20250905
cLTK0mvU,2024-10-21 12:00:00,27,1,1,Email channel,0,2024-10-21 12:00:00,2024-10-28 12:00:00,label_spec_v1,snap_20250905
cLxUif6s,2024-12-26 13:25:02,18,1,1,Android applications channel,1,2024-12-26 13:25:02,2025-01-02 13:25:02,label_spec_v1,snap_20250905
CMELzIG7,2025-08-01 17:00:00,17,1,1,Android applications channel,0,2025-08-01 17:00:00,2025-08-08 17:00:00,label_spec_v1,snap_20250905
cNepOR6s,2024-12-20 13:00:00,36,1,1,iOS applications channel,0,2024-12-20 13:00:00,2024-12-27 13:00:00,label_spec_v1,snap_20250905
cozMdant,2024-10-13 15:00:31,1,1,1,iOS applications channel,1,2024-10-13 15:00:31,2024-10-20 15:00:31,label_spec_v1,snap_20250905
cpTCCHHN,2025-02-01 19:00:00,29,1,1,Android applications channel,0,2025-02-01 19:00:00,2025-02-08 19:00:00,label_spec_v1,snap_20250905
cPugT9HO,2025-04-23 14:00:00,4,1,1,iOS applications channel,0,2025-04-23 14:00:00,2025-04-30 14:00:00,label_spec_v1,snap_20250905
csmcYm4c,2025-07-21 09:41:25,29,1,1,iOS applications channel,1,2025-07-21 09:41:25,2025-07-28 09:41:25,label_spec_v1,snap_20250905
cTBaH7ZI,2025-08-18 08:00:00,4,1,1,Email channel,0,2025-08-18 08:00:00,2025-08-25 08:00:00,label_spec_v1,snap_20250905
cuYdswxB,2025-04-03 11:00:00,27,1,1,iOS applications channel,0,2025-04-03 11:00:00,2025-04-10 11:00:00,label_spec_v1,snap_20250905
CvB003PM,2025-02-13 12:17:48,24,1,1,Email channel,1,2025-02-13 12:17:48,2025-02-20 12:17:48,label_spec_v1,snap_20250905
cWb8pm1b,2024-11-05 08:00:00,2,1,1,iOS applications channel,0,2024-11-05 08:00:00,2024-11-12 08:00:00,label_spec_v1,snap_20250905
CWJr0NRN,2025-04-20 11:10:15,23,1,1,Email channel,1,2025-04-20 11:10:15,2025-04-27 11:10:15,label_spec_v1,snap_20250905
D2tmy2Eg,2025-07-03 19:00:00,38,1,1,Email channel,0,2025-07-03 19:00:00,2025-07-10 19:00:00,label_spec_v1,snap_20250905
d2W7JDPJ,2025-06-18 12:15:56,11,1,1,Android applications channel,1,2025-06-18 12:15:56,2025-06-25 12:15:56,label_spec_v1,snap_20250905
d3OLL8Ne,2025-06-10 18:00:00,3,1,1,Android applications channel,0,2025-06-10 18:00:00,2025-06-17 18:00:00,label_spec_v1,snap_20250905
D6e3uKBK,2025-01-17 08:00:00,37,1,1,Android applications channel,0,2025-01-17 08:00:00,2025-01-24 08:00:00,label_spec_v1,snap_20250905
d9Gf2leM,2025-07-25 17:00:00,16,1,1,Email channel,0,2025-07-25 17:00:00,2025-08-01 17:00:00,label_spec_v1,snap_20250905
DAdn1Ay5,2025-07-07 13:20:57,13,1,1,Email channel,1,2025-07-07 13:20:57,2025-07-14 13:20:57,label_spec_v1,snap_20250905
DCcdx1se,2025-03-24 18:00:00,30,1,1,Android applications channel,0,2025-03-24 18:00:00,2025-03-31 18:00:00,label_spec_v1,snap_20250905
dcgOY1Db,2025-07-21 21:00:00,9,1,1,iOS applications channel,0,2025-07-21 21:00:00,2025-07-28 21:00:00,label_spec_v1,snap_20250905
dE2zBRgF,2025-05-28 13:00:00,24,1,1,iOS applications channel,0,2025-05-28 13:00:00,2025-06-04 13:00:00,label_spec_v1,snap_20250905
dfOB1rca,2025-01-30 12:00:00,6,1,1,Email channel,0,2025-01-30 12:00:00,2025-02-06 12:00:00,label_spec_v1,snap_20250905
DfQnPOMb,2025-05-10 17:00:00,21,1,1,Email channel,0,2025-05-10 17:00:00,2025-05-17 17:00:00,label_spec_v1,snap_20250905
DGGfzxGa,2025-08-28 10:00:00,27,1,1,Email channel,0,2025-08-28 10:00:00,2025-09-04 10:00:00,label_spec_v1,snap_20250905
dGYketTG,2025-07-08 14:00:00,6,1,1,iOS applications channel,0,2025-07-08 14:00:00,2025-07-15 14:00:00,label_spec_v1,snap_20250905
diVAHhVe,2025-08-28 19:00:00,30,1,1,Android applications channel,0,2025-08-28 19:00:00,2025-09-04 19:00:00,label_spec_v1,snap_20250905
dJA9AJHi,2025-05-21 20:00:00,35,1,1,Android applications channel,0,2025-05-21 20:00:00,2025-05-28 20:00:00,label_spec_v1,snap_20250905
djkWNdRf,2025-05-31 10:04:58,17,1,1,Android applications channel,1,2025-05-31 10:04:58,2025-06-07 10:04:58,label_spec_v1,snap_20250905
dJp62hDi,2025-05-24 18:00:00,2,1,1,iOS applications channel,0,2025-05-24 18:00:00,2025-05-31 18:00:00,label_spec_v1,snap_20250905
dk7KB0Uz,2024-10-17 09:00:00,29,1,1,Android applications channel,0,2024-10-17 09:00:00,2024-10-24 09:00:00,label_spec_v1,snap_20250905
dKwIrMIk,2025-01-09 11:00:00,15,1,1,Android applications channel,0,2025-01-09 11:00:00,2025-01-16 11:00:00,label_spec_v1,snap_20250905
dLEG62Hk,2024-11-19 09:00:00,21,1,1,Android applications channel,0,2024-11-19 09:00:00,2024-11-26 09:00:00,label_spec_v1,snap_20250905
DLJ9YV5c,2025-01-06 10:00:00,19,1,1,Email channel,0,2025-01-06 10:00:00,2025-01-13 10:00:00,label_spec_v1,snap_20250905
dloZHc9z,2025-07-25 11:51:46,17,1,1,Email channel,1,2025-07-25 11:51:46,2025-08-01 11:51:46,label_spec_v1,snap_20250905
dLVIdVud,2024-10-17 15:00:00,7,1,1,Email channel,0,2024-10-17 15:00:00,2024-10-24 15:00:00,label_spec_v1,snap_20250905
DNMdtQVQ,2025-05-28 12:00:00,14,1,1,Email channel,0,2025-05-28 12:00:00,2025-06-04 12:00:00,label_spec_v1,snap_20250905
dnrJi7sC,2024-11-09 13:00:00,28,1,1,Android applications channel,0,2024-11-09 13:00:00,2024-11-16 13:00:00,label_spec_v1,snap_20250905
dpVczCoI,2024-10-09 11:00:00,5,1,1,Email channel,0,2024-10-09 11:00:00,2024-10-16 11:00:00,label_spec_v1,snap_20250905
dq83Eh0e,2025-07-16 11:00:00,26,1,1,Email channel,0,2025-07-16 11:00:00,2025-07-23 11:00:00,label_spec_v1,snap_20250905
dryRMMc3,2025-08-13 06:04:49,18,1,1,Email channel,1,2025-08-13 06:04:49,2025-08-20 06:04:49,label_spec_v1,snap_20250905
dVE6r5xb,2025-09-05 15:00:00,38,1,1,iOS applications channel,0,2025-09-05 15:00:00,2025-09-12 15:00:00,label_spec_v1,snap_20250905
DvJXNMET,2025-03-29 10:00:00,24,1,1,iOS applications channel,0,2025-03-29 10:00:00,2025-04-05 10:00:00,label_spec_v1,snap_20250905
dW8oK2Zy,2025-06-24 10:00:00,40,1,1,iOS applications channel,0,2025-06-24 10:00:00,2025-07-01 10:00:00,label_spec_v1,snap_20250905
DWKWLCR7,2025-02-17 14:00:00,16,1,1,iOS applications channel,0,2025-02-17 14:00:00,2025-02-24 14:00:00,label_spec_v1,snap_20250905
dY5Y9pFy,2025-04-06 18:00:00,36,1,1,Email channel,0,2025-04-06 18:00:00,2025-04-13 18:00:00,label_spec_v1,snap_20250905
dzGxpyfx,2025-05-14 10:00:00,5,1,1,Android applications channel,0,2025-05-14 10:00:00,2025-05-21 10:00:00,label_spec_v1,snap_20250905
e1WJnLn0,2025-07-24 10:00:00,5,1,1,Android applications channel,0,2025-07-24 10:00:00,2025-07-31 10:00:00,label_spec_v1,snap_20250905
E2htYzEF,2025-05-28 14:00:00,9,1,1,iOS applications channel,0,2025-05-28 14:00:00,2025-06-04 14:00:00,label_spec_v1,snap_20250905
e4D3sX2t,2025-02-26 14:00:00,2,1,1,Android applications channel,0,2025-02-26 14:00:00,2025-03-05 14:00:00,label_spec_v1,snap_20250905
E4mGh3Ry,2025-04-01 09:00:00,39,1,1,iOS applications channel,0,2025-04-01 09:00:00,2025-04-08 09:00:00,label_spec_v1,snap_20250905
e7EcsAlX,2025-01-20 10:59:14,4,1,1,Android applications channel,1,2025-01-20 10:59:14,2025-01-27 10:59:14,label_spec_v1,snap_20250905
ECXxGLgC,2025-01-25 11:00:00,1,1,1,iOS applications channel,0,2025-01-25 11:00:00,2025-02-01 11:00:00,label_spec_v1,snap_20250905
eDA4OKmT,2025-01-12 15:00:00,32,1,1,Android applications channel,1,2025-01-12 15:00:00,2025-01-19 15:00:00,label_spec_v1,snap_20250905
EDB0ULru,2024-12-03 18:00:00,19,1,1,Android applications channel,0,2024-12-03 18:00:00,2024-12-10 18:00:00,label_spec_v1,snap_20250905
EDnvMju3,2025-08-13 13:42:13,35,1,1,iOS applications channel,1,2025-08-13 13:42:13,2025-08-20 13:42:13,label_spec_v1,snap_20250905
EeoyfUZg,2025-07-13 19:00:00,18,1,1,Email channel,0,2025-07-13 19:00:00,2025-07-20 19:00:00,label_spec_v1,snap_20250905
EGj9dCgZ,2025-01-22 17:16:03,6,1,1,Android applications channel,1,2025-01-22 17:16:03,2025-01-29 17:16:03,label_spec_v1,snap_20250905
EHDjM5Gi,2025-02-25 16:00:00,28,1,1,Email channel,0,2025-02-25 16:00:00,2025-03-04 16:00:00,label_spec_v1,snap_20250905
EIYFw6KG,2024-09-30 19:00:00,3,1,1,Android applications channel,0,2024-09-30 19:00:00,2024-10-07 19:00:00,label_spec_v1,snap_20250905
eJ85fvMN,2025-03-09 15:47:42,25,1,1,iOS applications channel,1,2025-03-09 15:47:42,2025-03-16 15:47:42,label_spec_v1,snap_20250905
EJHwBVJv,2025-08-05 11:00:00,29,1,1,Email channel,0,2025-08-05 11:00:00,2025-08-12 11:00:00,label_spec_v1,snap_20250905
emZWLUQJ,2025-01-06 20:00:00,14,1,1,Email channel,0,2025-01-06 20:00:00,2025-01-13 20:00:00,label_spec_v1,snap_20250905
EnLkP1Ab,2024-12-11 11:00:00,25,1,1,Email channel,0,2024-12-11 11:00:00,2024-12-18 11:00:00,label_spec_v1,snap_20250905
epwukO49,2024-10-08 09:00:00,18,1,1,iOS applications channel,0,2024-10-08 09:00:00,2024-10-15 09:00:00,label_spec_v1,snap_20250905
eR3pzh84,2025-06-01 07:52:02,24,1,1,Email channel,1,2025-06-01 07:52:02,2025-06-08 07:52:02,label_spec_v1,snap_20250905
ES1iWTEC,2024-09-19 20:00:00,10,1,1,Email channel,0,2024-09-19 20:00:00,2024-09-26 20:00:00,label_spec_v1,snap_20250905
esQeqgmU,2025-01-24 13:49:11,17,1,1,Android applications channel,1,2025-01-24 13:49:11,2025-01-31 13:49:11,label_spec_v1,snap_20250905
eWVLcS2e,2025-02-20 10:00:00,13,1,1,Email channel,0,2025-02-20 10:00:00,2025-02-27 10:00:00,label_spec_v1,snap_20250905
exT8QzLg,2025-03-16 09:00:00,8,1,1,iOS applications channel,0,2025-03-16 09:00:00,2025-03-23 09:00:00,label_spec_v1,snap_20250905
eYTuHo9l,2024-09-21 17:22:33,29,1,1,iOS applications channel,1,2024-09-21 17:22:33,2024-09-28 17:22:33,label_spec_v1,snap_20250905
f0TQOU4v,2025-06-04 18:00:00,23,1,1,iOS applications channel,0,2025-06-04 18:00:00,2025-06-11 18:00:00,label_spec_v1,snap_20250905
f2FCuhFV,2024-09-25 17:00:00,11,1,1,iOS applications channel,0,2024-09-25 17:00:00,2024-10-02 17:00:00,label_spec_v1,snap_20250905
F9UPVFDk,2025-06-29 18:05:32,31,1,1,Email channel,1,2025-06-29 18:05:32,2025-07-06 18:05:32,label_spec_v1,snap_20250905
FbaIJAab,2025-06-25 09:00:00,39,1,1,iOS applications channel,0,2025-06-25 09:00:00,2025-07-02 09:00:00,label_spec_v1,snap_20250905
FbyRBlwn,2025-04-25 21:00:00,27,1,1,Android applications channel,0,2025-04-25 21:00:00,2025-05-02 21:00:00,label_spec_v1,snap_20250905
FCvNQtSL,2025-05-19 16:00:00,34,1,1,Email channel,0,2025-05-19 16:00:00,2025-05-26 16:00:00,label_spec_v1,snap_20250905
feqoxfMc,2025-04-04 11:00:00,6,1,1,iOS applications channel,0,2025-04-04 11:00:00,2025-04-11 11:00:00,label_spec_v1,snap_20250905
fetzTUEH,2025-08-05 18:00:00,36,1,1,iOS applications channel,0,2025-08-05 18:00:00,2025-08-12 18:00:00,label_spec_v1,snap_20250905
fgXpQQwk,2025-08-30 09:00:00,14,1,1,Email channel,0,2025-08-30 09:00:00,2025-09-06 09:00:00,label_spec_v1,snap_20250905
FH9OuMyN,2024-12-27 10:00:00,21,1,1,Android applications channel,0,2024-12-27 10:00:00,2025-01-03 10:00:00,label_spec_v1,snap_20250905
FHy6JhqX,2025-08-22 03:11:52,2,1,1,Android applications channel,1,2025-08-22 03:11:52,2025-08-29 03:11:52,label_spec_v1,snap_20250905
FJglPMf1,2025-07-28 10:15:26,37,1,1,Android applications channel,1,2025-07-28 10:15:26,2025-08-04 10:15:26,label_spec_v1,snap_20250905
fKbYWosc,2024-11-24 15:00:00,21,1,1,Android applications channel,0,2024-11-24 15:00:00,2024-12-01 15:00:00,label_spec_v1,snap_20250905
Fmhi2eCl,2025-06-26 19:00:00,5,1,1,Android applications channel,0,2025-06-26 19:00:00,2025-07-03 19:00:00,label_spec_v1,snap_20250905
FMIbOGKp,2025-05-03 15:51:12,15,1,1,Email channel,1,2025-05-03 15:51:12,2025-05-10 15:51:12,label_spec_v1,snap_20250905
FNA88rcS,2025-01-14 17:00:00,36,1,1,iOS applications channel,0,2025-01-14 17:00:00,2025-01-21 17:00:00,label_spec_v1,snap_20250905
fnCME3Ek,2025-03-06 14:00:00,31,1,1,Android applications channel,0,2025-03-06 14:00:00,2025-03-13 14:00:00,label_spec_v1,snap_20250905
fo16hD8h,2025-05-19 15:03:11,10,1,1,Email channel,1,2025-05-19 15:03:11,2025-05-26 15:03:11,label_spec_v1,snap_20250905
fR9Q3IiP,2025-04-21 19:00:00,19,1,1,Android applications channel,0,2025-04-21 19:00:00,2025-04-28 19:00:00,label_spec_v1,snap_20250905
Fsilu1CN,2024-12-14 09:00:00,5,1,1,iOS applications channel,0,2024-12-14 09:00:00,2024-12-21 09:00:00,label_spec_v1,snap_20250905
Fsq6AzyV,2025-08-28 20:00:00,33,1,1,Android applications channel,0,2025-08-28 20:00:00,2025-09-04 20:00:00,label_spec_v1,snap_20250905
FTKtE0bx,2025-08-16 17:00:00,12,1,1,iOS applications channel,0,2025-08-16 17:00:00,2025-08-23 17:00:00,label_spec_v1,snap_20250905
fuQstCMT,2025-08-19 20:00:00,8,1,1,iOS applications channel,0,2025-08-19 20:00:00,2025-08-26 20:00:00,label_spec_v1,snap_20250905
FwWmk866,2025-01-12 20:00:00,11,1,1,iOS applications channel,0,2025-01-12 20:00:00,2025-01-19 20:00:00,label_spec_v1,snap_20250905
fz52TcGK,2025-03-20 08:00:00,22,1,1,Android applications channel,0,2025-03-20 08:00:00,2025-03-27 08:00:00,label_spec_v1,snap_20250905
G4FDgZUE,2025-02-28 09:00:00,1,1,1,Email channel,0,2025-02-28 09:00:00,2025-03-07 09:00:00,label_spec_v1,snap_20250905
g5OPctYC,2025-08-10 12:00:00,29,1,1,Android applications channel,0,2025-08-10 12:00:00,2025-08-17 12:00:00,label_spec_v1,snap_20250905
GccciTvZ,2024-12-19 20:00:00,26,1,1,Email channel,0,2024-12-19 20:00:00,2024-12-26 20:00:00,label_spec_v1,snap_20250905
GCFcs5Pm,2024-11-20 20:00:00,25,1,1,Email channel,0,2024-11-20 20:00:00,2024-11-27 20:00:00,label_spec_v1,snap_20250905
GeUUg5qP,2025-06-24 07:01:38,1,1,1,iOS applications channel,1,2025-06-24 07:01:38,2025-07-01 07:01:38,label_spec_v1,snap_20250905
gevk4ykU,2025-01-24 20:00:00,2,1,1,Android applications channel,0,2025-01-24 20:00:00,2025-01-31 20:00:00,label_spec_v1,snap_20250905
gjqmlMjW,2025-04-15 19:00:00,32,1,1,iOS applications channel,0,2025-04-15 19:00:00,2025-04-22 19:00:00,label_spec_v1,snap_20250905
gMBwUYuB,2025-05-01 20:00:00,28,1,1,Email channel,0,2025-05-01 20:00:00,2025-05-08 20:00:00,label_spec_v1,snap_20250905
gMcCMRT3,2025-03-22 08:53:35,14,1,1,iOS applications channel,1,2025-03-22 08:53:35,2025-03-29 08:53:35,label_spec_v1,snap_20250905
gp4IiyDx,2025-02-09 18:56:31,38,1,1,Email channel,1,2025-02-09 18:56:31,2025-02-16 18:56:31,label_spec_v1,snap_20250905
Gqi7w4e4,2025-07-03 16:00:00,4,1,1,Android applications channel,0,2025-07-03 16:00:00,2025-07-10 16:00:00,label_spec_v1,snap_20250905
gqoGVHJL,2025-06-28 21:00:00,32,1,1,Email channel,0,2025-06-28 21:00:00,2025-07-05 21:00:00,label_spec_v1,snap_20250905
gRxI5Pwd,2024-09-15 20:00:00,10,1,1,Email channel,0,2024-09-15 20:00:00,2024-09-22 20:00:00,label_spec_v1,snap_20250905
gsA69fh1,2025-02-02 08:00:00,34,1,1,Email channel,0,2025-02-02 08:00:00,2025-02-09 08:00:00,label_spec_v1,snap_20250905
gux4tiyX,2025-06-07 09:00:00,4,1,1,Android applications channel,0,2025-06-07 09:00:00,2025-06-14 09:00:00,label_spec_v1,snap_20250905
gV1PWpt3,2025-08-30 06:34:59,14,1,1,Android applications channel,1,2025-08-30 06:34:59,2025-09-06 06:34:59,label_spec_v1,snap_20250905
GX66lSLl,2025-08-13 09:00:00,16,1,1,Email channel,0,2025-08-13 09:00:00,2025-08-20 09:00:00,label_spec_v1,snap_20250905
gyGLtke0,2025-08-11 13:00:00,7,1,1,Email channel,0,2025-08-11 13:00:00,2025-08-18 13:00:00,label_spec_v1,snap_20250905
GzR1Iv8b,2025-04-10 21:00:00,24,1,1,Android applications channel,0,2025-04-10 21:00:00,2025-04-17 21:00:00,label_spec_v1,snap_20250905
h4qlL9qc,2025-06-28 14:00:00,36,1,1,iOS applications channel,0,2025-06-28 14:00:00,2025-07-05 14:00:00,label_spec_v1,snap_20250905
had1Xoim,2025-05-07 18:00:00,38,1,1,Android applications channel,0,2025-05-07 18:00:00,2025-05-14 18:00:00,label_spec_v1,snap_20250905
haFVBliy,2024-12-24 19:00:00,12,1,1,Android applications channel,0,2024-12-24 19:00:00,2024-12-31 19:00:00,label_spec_v1,snap_20250905
hb2vPgRZ,2025-07-28 10:00:00,6,1,1,Android applications channel,0,2025-07-28 10:00:00,2025-08-04 10:00:00,label_spec_v1,snap_20250905
HgbyjdQd,2024-09-27 17:00:00,32,1,1,iOS applications channel,0,2024-09-27 17:00:00,2024-10-04 17:00:00,label_spec_v1,snap_20250905
hHjtkku7,2025-06-25 17:00:00,5,1,1,Android applications channel,0,2025-06-25 17:00:00,2025-07-02 17:00:00,label_spec_v1,snap_20250905
HHSSNgBQ,2025-09-04 19:00:00,26,1,1,iOS applications channel,0,2025-09-04 19:00:00,2025-09-11 19:00:00,label_spec_v1,snap_20250905
hic8ctFh,2025-07-16 17:00:00,8,1,1,iOS applications channel,0,2025-07-16 17:00:00,2025-07-23 17:00:00,label_spec_v1,snap_20250905
hJqESjnS,2024-12-21 08:00:00,21,1,1,Email channel,0,2024-12-21 08:00:00,2024-12-28 08:00:00,label_spec_v1,snap_20250905
hKRIy5z0,2025-05-23 15:00:00,34,1,1,iOS applications channel,0,2025-05-23 15:00:00,2025-05-30 15:00:00,label_spec_v1,snap_20250905
hlxSjGyA,2025-08-05 21:00:00,19,1,1,Android applications channel,0,2025-08-05 21:00:00,2025-08-12 21:00:00,label_spec_v1,snap_20250905
HMGmVzsP,2025-06-23 13:00:00,39,1,1,iOS applications channel,0,2025-06-23 13:00:00,2025-06-30 13:00:00,label_spec_v1,snap_20250905
hpFOMeH4,2025-03-06 18:30:16,2,1,1,Android applications channel,1,2025-03-06 18:30:16,2025-03-13 18:30:16,label_spec_v1,snap_20250905
HrNMSiA1,2025-05-20 17:54:52,6,1,1,iOS applications channel,1,2025-05-20 17:54:52,2025-05-27 17:54:52,label_spec_v1,snap_20250905
hrXI0xI0,2025-04-03 14:02:04,9,1,1,Android applications channel,1,2025-04-03 14:02:04,2025-04-10 14:02:04,label_spec_v1,snap_20250905
HSoNkRcx,2025-01-28 20:00:00,1,1,1,Android applications channel,0,2025-01-28 20:00:00,2025-02-04 20:00:00,label_spec_v1,snap_20250905
HtAd32ji,2025-06-10 18:30:51,29,1,1,iOS applications channel,1,2025-06-10 18:30:51,2025-06-17 18:30:51,label_spec_v1,snap_20250905
HUrIsbG0,2025-01-30 14:07:27,24,1,1,iOS applications channel,1,2025-01-30 14:07:27,2025-02-06 14:07:27,label_spec_v1,snap_20250905
HwXLokgp,2024-10-26 15:00:00,13,1,1,iOS applications channel,0,2024-10-26 15:00:00,2024-11-02 15:00:00,label_spec_v1,snap_20250905
Hyu9lD6I,2024-10-01 13:00:00,39,1,1,Email channel,0,2024-10-01 13:00:00,2024-10-08 13:00:00,label_spec_v1,snap_20250905
IAqmaTVY,2024-12-28 11:00:00,35,1,1,Android applications channel,0,2024-12-28 11:00:00,2025-01-04 11:00:00,label_spec_v1,snap_20250905
Icw0CgN3,2024-11-19 11:00:00,29,1,1,Android applications channel,0,2024-11-19 11:00:00,2024-11-26 11:00:00,label_spec_v1,snap_20250905
IGWhfEQi,2025-08-21 15:00:00,25,1,1,Email channel,0,2025-08-21 15:00:00,2025-08-28 15:00:00,label_spec_v1,snap_20250905
IIaOenQO,2025-07-13 17:00:00,21,1,1,Email channel,0,2025-07-13 17:00:00,2025-07-20 17:00:00,label_spec_v1,snap_20250905
iLoHRCaa,2025-08-15 09:00:00,35,1,1,iOS applications channel,0,2025-08-15 09:00:00,2025-08-22 09:00:00,label_spec_v1,snap_20250905
ImUx8a5u,2025-05-28 09:00:00,6,1,1,Android applications channel,0,2025-05-28 09:00:00,2025-06-04 09:00:00,label_spec_v1,snap_20250905
iMyjkl1S,2025-06-08 10:00:00,33,1,1,Email channel,0,2025-06-08 10:00:00,2025-06-15 10:00:00,label_spec_v1,snap_20250905
INdMdQgP,2025-04-13 19:00:00,31,1,1,iOS applications channel,0,2025-04-13 19:00:00,2025-04-20 19:00:00,label_spec_v1,snap_20250905
iO3WFg3a,2025-05-25 19:00:00,28,1,1,iOS applications channel,0,2025-05-25 19:00:00,2025-06-01 19:00:00,label_spec_v1,snap_20250905
iOtNIfGP,2025-07-11 20:00:00,6,1,1,iOS applications channel,0,2025-07-11 20:00:00,2025-07-18 20:00:00,label_spec_v1,snap_20250905
IToGJ1QZ,2024-12-06 12:00:00,20,1,1,Email channel,0,2024-12-06 12:00:00,2024-12-13 12:00:00,label_spec_v1,snap_20250905
ituM8SmE,2025-07-29 09:00:00,26,1,1,iOS applications channel,0,2025-07-29 09:00:00,2025-08-05 09:00:00,label_spec_v1,snap_20250905
IuzLOW1P,2025-07-25 19:00:00,33,1,1,Email channel,0,2025-07-25 19:00:00,2025-08-01 19:00:00,label_spec_v1,snap_20250905
IvyWViYS,2025-03-12 19:00:00,9,1,1,Android applications channel,0,2025-03-12 19:00:00,2025-03-19 19:00:00,label_spec_v1,snap_20250905
iXPUP9Ax,2025-08-02 17:00:00,3,1,1,iOS applications channel,0,2025-08-02 17:00:00,2025-08-09 17:00:00,label_spec_v1,snap_20250905
Izn9B0nF,2025-06-18 12:06:14,28,1,1,iOS applications channel,1,2025-06-18 12:06:14,2025-06-25 12:06:14,label_spec_v1,snap_20250905
j10J5Nda,2024-09-29 15:00:00,33,1,1,iOS applications channel,0,2024-09-29 15:00:00,2024-10-06 15:00:00,label_spec_v1,snap_20250905
J5pKHkRy,2024-10-31 12:00:00,31,1,1,Email channel,0,2024-10-31 12:00:00,2024-11-07 12:00:00,label_spec_v1,snap_20250905
J7LLUAsj,2024-10-13 13:00:00,1,1,1,Android applications channel,0,2024-10-13 13:00:00,2024-10-20 13:00:00,label_spec_v1,snap_20250905
jbcpEN2X,2025-06-09 10:32:20,3,1,1,Email channel,1,2025-06-09 10:32:20,2025-06-16 10:32:20,label_spec_v1,snap_20250905
JbM7Q1Sr,2025-05-11 14:35:51,3,1,1,iOS applications channel,1,2025-05-11 14:35:51,2025-05-18 14:35:51,label_spec_v1,snap_20250905
JDRZtUbz,2025-04-08 14:00:00,5,1,1,Android applications channel,0,2025-04-08 14:00:00,2025-04-15 14:00:00,label_spec_v1,snap_20250905
jeirNOLJ,2025-07-13 08:00:00,17,1,1,Email channel,0,2025-07-13 08:00:00,2025-07-20 08:00:00,label_spec_v1,snap_20250905
jJ8UMHBh,2024-12-10 18:00:00,39,1,1,iOS applications channel,0,2024-12-10 18:00:00,2024-12-17 18:00:00,label_spec_v1,snap_20250905
JJGAgbfw,2024-11-03 18:00:00,10,1,1,Android applications channel,0,2024-11-03 18:00:00,2024-11-10 18:00:00,label_spec_v1,snap_20250905
Jjym6MGV,2025-04-13 18:00:00,28,1,1,Email channel,0,2025-04-13 18:00:00,2025-04-20 18:00:00,label_spec_v1,snap_20250905
JmxJseyG,2025-02-08 12:53:34,37,1,1,Android applications channel,1,2025-02-08 12:53:34,2025-02-15 12:53:34,label_spec_v1,snap_20250905
JP8RvqW0,2025-05-25 05:59:42,19,1,1,Android applications channel,1,2025-05-25 05:59:42,2025-06-01 05:59:42,label_spec_v1,snap_20250905
JpgDgZYi,2025-01-25 11:00:00,18,1,1,iOS applications channel,0,2025-01-25 11:00:00,2025-02-01 11:00:00,label_spec_v1,snap_20250905
jpHAKRYl,2025-01-05 13:00:00,6,1,1,Android applications channel,0,2025-01-05 13:00:00,2025-01-12 13:00:00,label_spec_v1,snap_20250905
JSrigNVL,2025-02-03 15:00:00,32,1,1,Android applications channel,0,2025-02-03 15:00:00,2025-02-10 15:00:00,label_spec_v1,snap_20250905
JTBJahe8,2025-04-06 13:07:55,3,1,1,iOS applications channel,1,2025-04-06 13:07:55,2025-04-13 13:07:55,label_spec_v1,snap_20250905
jTneAAvI,2025-04-15 11:48:30,20,1,1,iOS applications channel,1,2025-04-15 11:48:30,2025-04-22 11:48:30,label_spec_v1,snap_20250905
Ju2rHD63,2025-02-04 20:00:00,22,1,1,Android applications channel,0,2025-02-04 20:00:00,2025-02-11 20:00:00,label_spec_v1,snap_20250905
jW9o3RUR,2025-05-31 08:09:53,6,1,1,Android applications channel,1,2025-05-31 08:09:53,2025-06-07 08:09:53,label_spec_v1,snap_20250905
JWAMMYNo,2025-02-21 18:00:00,10,1,1,Email channel,0,2025-02-21 18:00:00,2025-02-28 18:00:00,label_spec_v1,snap_20250905
jWSQgfQw,2025-04-10 21:00:00,28,1,1,Android applications channel,0,2025-04-10 21:00:00,2025-04-17 21:00:00,label_spec_v1,snap_20250905
jZK8tfph,2025-01-10 12:00:00,31,1,1,Email channel,0,2025-01-10 12:00:00,2025-01-17 12:00:00,label_spec_v1,snap_20250905
K8QTARV5,2025-05-23 02:19:21,9,1,1,iOS applications channel,1,2025-05-23 02:19:21,2025-05-30 02:19:21,label_spec_v1,snap_20250905
k9tgLb7t,2025-03-13 19:00:00,15,1,1,Android applications channel,0,2025-03-13 19:00:00,2025-03-20 19:00:00,label_spec_v1,snap_20250905
KAlQQfHx,2024-11-02 06:03:44,32,1,1,iOS applications channel,1,2024-11-02 06:03:44,2024-11-09 06:03:44,label_spec_v1,snap_20250905
kaupYoTV,2025-03-18 11:00:00,26,1,1,Email channel,0,2025-03-18 11:00:00,2025-03-25 11:00:00,label_spec_v1,snap_20250905
KAxIRlWE,2024-12-08 17:49:41,9,1,1,Android applications channel,1,2024-12-08 17:49:41,2024-12-15 17:49:41,label_spec_v1,snap_20250905
kBrAtEYe,2025-07-12 18:00:00,2,1,1,Android applications channel,0,2025-07-12 18:00:00,2025-07-19 18:00:00,label_spec_v1,snap_20250905
KErc7eR7,2025-06-09 10:00:00,21,1,1,Email channel,0,2025-06-09 10:00:00,2025-06-16 10:00:00,label_spec_v1,snap_20250905
kF8wHHY0,2025-04-22 11:00:00,3,1,1,iOS applications channel,0,2025-04-22 11:00:00,2025-04-29 11:00:00,label_spec_v1,snap_20250905
kFi0TVUA,2024-12-25 16:00:00,19,1,1,Android applications channel,0,2024-12-25 16:00:00,2025-01-01 16:00:00,label_spec_v1,snap_20250905
kirtrFje,2025-03-11 06:40:01,40,1,1,iOS applications channel,1,2025-03-11 06:40:01,2025-03-18 06:40:01,label_spec_v1,snap_20250905
KJ1Fjdxa,2025-08-07 19:00:00,26,1,1,iOS applications channel,0,2025-08-07 19:00:00,2025-08-14 19:00:00,label_spec_v1,snap_20250905
kL8LjkQN,2025-06-24 17:00:00,34,1,1,Email channel,0,2025-06-24 17:00:00,2025-07-01 17:00:00,label_spec_v1,snap_20250905
klfN3yNR,2025-02-07 17:00:00,28,1,1,iOS applications channel,0,2025-02-07 17:00:00,2025-02-14 17:00:00,label_spec_v1,snap_20250905
KpK12yR5,2025-04-13 19:00:00,14,1,1,Email channel,0,2025-04-13 19:00:00,2025-04-20 19:00:00,label_spec_v1,snap_20250905
KpLMcNfA,2025-07-23 09:00:00,19,1,1,Android applications channel,0,2025-07-23 09:00:00,2025-07-30 09:00:00,label_spec_v1,snap_20250905
KPWRokCe,2025-06-30 19:00:00,3,1,1,iOS applications channel,0,2025-06-30 19:00:00,2025-07-07 19:00:00,label_spec_v1,snap_20250905
KQ39jVUE,2025-01-21 18:00:00,38,1,1,Android applications channel,0,2025-01-21 18:00:00,2025-01-28 18:00:00,label_spec_v1,snap_20250905
KqPnXKAN,2024-09-18 13:00:00,27,1,1,Android applications channel,0,2024-09-18 13:00:00,2024-09-25 13:00:00,label_spec_v1,snap_20250905
KR69yz8T,2025-07-01 08:00:00,21,1,1,Android applications channel,0,2025-07-01 08:00:00,2025-07-08 08:00:00,label_spec_v1,snap_20250905
KsEECvl9,2025-07-22 15:00:00,20,1,1,iOS applications channel,0,2025-07-22 15:00:00,2025-07-29 15:00:00,label_spec_v1,snap_20250905
ku2HChRn,2025-04-06 18:00:00,27,1,1,Email channel,0,2025-04-06 18:00:00,2025-04-13 18:00:00,label_spec_v1,snap_20250905
KUKo9Q3v,2025-07-15 15:00:00,23,1,1,iOS applications channel,0,2025-07-15 15:00:00,2025-07-22 15:00:00,label_spec_v1,snap_20250905
kvASFsQ8,2025-08-26 12:13:52,39,1,1,Email channel,1,2025-08-26 12:13:52,2025-09-02 12:13:52,label_spec_v1,snap_20250905
KxDZJiN4,2025-03-24 21:00:00,16,1,1,Email channel,0,2025-03-24 21:00:00,2025-03-31 21:00:00,label_spec_v1,snap_20250905
KxNrRzWn,2024-10-27 19:00:00,5,1,1,iOS applications channel,0,2024-10-27 19:00:00,2024-11-03 19:00:00,label_spec_v1,snap_20250905
kyayq7YY,2025-08-20 15:05:19,33,1,1,Android applications channel,1,2025-08-20 15:05:19,2025-08-27 15:05:19,label_spec_v1,snap_20250905
l0RTZt6N,2024-10-25 09:00:00,16,1,1,Android applications channel,0,2024-10-25 09:00:00,2024-11-01 09:00:00,label_spec_v1,snap_20250905
l1XRDSEO,2025-06-20 20:00:00,34,1,1,Email channel,0,2025-06-20 20:00:00,2025-06-27 20:00:00,label_spec_v1,snap_20250905
l3c2sxZR,2025-08-31 09:00:00,11,1,1,Android applications channel,0,2025-08-31 09:00:00,2025-09-07 09:00:00,label_spec_v1,snap_20250905
La3X2UfU,2025-06-04 12:42:14,22,1,1,Email channel,1,2025-06-04 12:42:14,2025-06-11 12:42:14,label_spec_v1,snap_20250905
lb8z2CJV,2025-04-01 09:34:45,2,1,1,Android applications channel,1,2025-04-01 09:34:45,2025-04-08 09:34:45,label_spec_v1,snap_20250905
lE5NMc4Y,2025-05-24 20:00:00,22,1,1,Android applications channel,0,2025-05-24 20:00:00,2025-05-31 20:00:00,label_spec_v1,snap_20250905
LF8vwiQP,2024-12-11 12:00:00,27,1,1,Android applications channel,0,2024-12-11 12:00:00,2024-12-18 12:00:00,label_spec_v1,snap_20250905
lFcfdoMo,2025-01-25 09:14:40,7,1,1,Android applications channel,1,2025-01-25 09:14:40,2025-02-01 09:14:40,label_spec_v1,snap_20250905
LfRiuhpt,2025-07-21 13:22:49,39,1,1,iOS applications channel,1,2025-07-21 13:22:49,2025-07-28 13:22:49,label_spec_v1,snap_20250905
LFXXmU5I,2025-05-06 13:07:15,29,1,1,iOS applications channel,1,2025-05-06 13:07:15,2025-05-13 13:07:15,label_spec_v1,snap_20250905
LhX5CDQL,2025-06-17 11:00:00,1,1,1,Email channel,0,2025-06-17 11:00:00,2025-06-24 11:00:00,label_spec_v1,snap_20250905
LLq60ebe,2025-02-09 17:00:00,15,1,1,Android applications channel,0,2025-02-09 17:00:00,2025-02-16 17:00:00,label_spec_v1,snap_20250905
lm41m1dp,2025-07-19 15:00:00,8,1,1,iOS applications channel,0,2025-07-19 15:00:00,2025-07-26 15:00:00,label_spec_v1,snap_20250905
lMu6Z9No,2024-11-30 15:00:00,5,1,1,Android applications channel,0,2024-11-30 15:00:00,2024-12-07 15:00:00,label_spec_v1,snap_20250905
lNKtzJ1a,2025-06-12 14:00:00,2,1,1,iOS applications channel,0,2025-06-12 14:00:00,2025-06-19 14:00:00,label_spec_v1,snap_20250905
lrDp37eC,2025-08-21 19:00:00,12,1,1,Email channel,0,2025-08-21 19:00:00,2025-08-28 19:00:00,label_spec_v1,snap_20250905
lRLQyfXN,2025-04-07 14:31:43,24,1,1,Android applications channel,1,2025-04-07 14:31:43,2025-04-14 14:31:43,label_spec_v1,snap_20250905
lrzjNMRS,2024-12-03 15:00:00,22,1,1,iOS applications channel,0,2024-12-03 15:00:00,2024-12-10 15:00:00,label_spec_v1,snap_20250905
LSw3TNOB,2025-04-20 09:00:00,31,1,1,Android applications channel,0,2025-04-20 09:00:00,2025-04-27 09:00:00,label_spec_v1,snap_20250905
lV7vY7AZ,2025-08-20 09:17:14,6,1,1,Email channel,1,2025-08-20 09:17:14,2025-08-27 09:17:14,label_spec_v1,snap_20250905
LWHMsg1m,2025-02-10 20:00:00,24,1,1,iOS applications channel,0,2025-02-10 20:00:00,2025-02-17 20:00:00,label_spec_v1,snap_20250905
lyPyxLP5,2025-04-21 17:00:00,11,1,1,iOS applications channel,0,2025-04-21 17:00:00,2025-04-28 17:00:00,label_spec_v1,snap_20250905
lZieTX8D,2024-12-26 11:45:31,36,1,1,Email channel,1,2024-12-26 11:45:31,2025-01-02 11:45:31,label_spec_v1,snap_20250905
m06Dwt0Y,2025-07-18 20:00:00,17,1,1,Android applications channel,0,2025-07-18 20:00:00,2025-07-25 20:00:00,label_spec_v1,snap_20250905
M41PREsI,2025-04-29 13:13:16,20,1,1,iOS applications channel,1,2025-04-29 13:13:16,2025-05-06 13:13:16,label_spec_v1,snap_20250905
M4Bkdgvn,2025-08-17 16:00:00,11,1,1,Android applications channel,0,2025-08-17 16:00:00,2025-08-24 16:00:00,label_spec_v1,snap_20250905
m5PCZif5,2025-04-06 05:56:47,33,1,1,iOS applications channel,1,2025-04-06 05:56:47,2025-04-13 05:56:47,label_spec_v1,snap_20250905
mAQ8yRV5,2025-03-20 07:07:03,35,1,1,Android applications channel,1,2025-03-20 07:07:03,2025-03-27 07:07:03,label_spec_v1,snap_20250905
meLS1Opg,2025-08-23 13:00:00,18,1,1,Android applications channel,0,2025-08-23 13:00:00,2025-08-30 13:00:00,label_spec_v1,snap_20250905
MfsW7Cyz,2024-11-13 20:00:00,28,1,1,Android applications channel,0,2024-11-13 20:00:00,2024-11-20 20:00:00,label_spec_v1,snap_20250905
mgbnkOsf,2024-09-20 18:00:00,28,1,1,Email channel,0,2024-09-20 18:00:00,2024-09-27 18:00:00,label_spec_v1,snap_20250905
MGhy5Kmq,2024-11-11 08:00:00,10,1,1,Android applications channel,0,2024-11-11 08:00:00,2024-11-18 08:00:00,label_spec_v1,snap_20250905
micBfRBm,2025-02-23 10:00:00,15,1,1,Email channel,0,2025-02-23 10:00:00,2025-03-02 10:00:00,label_spec_v1,snap_20250905
MiKyBlFO,2025-03-05 18:00:00,8,1,1,Email channel,0,2025-03-05 18:00:00,2025-03-12 18:00:00,label_spec_v1,snap_20250905
MjRC8xxC,2024-11-17 05:51:46,32,1,1,Android applications channel,1,2024-11-17 05:51:46,2024-11-24 05:51:46,label_spec_v1,snap_20250905
mrWYksRq,2024-11-28 21:00:00,36,1,1,Email channel,0,2024-11-28 21:00:00,2024-12-05 21:00:00,label_spec_v1,snap_20250905
MRYCciep,2025-05-10 11:00:00,27,1,1,iOS applications channel,0,2025-05-10 11:00:00,2025-05-17 11:00:00,label_spec_v1,snap_20250905
MtwgKGnj,2024-11-14 11:00:00,3,1,1,Email channel,0,2024-11-14 11:00:00,2024-11-21 11:00:00,label_spec_v1,snap_20250905
mvAK56Dj,2025-08-21 11:50:47,7,1,1,Email channel,1,2025-08-21 11:50:47,2025-08-28 11:50:47,label_spec_v1,snap_20250905
mvoyK1pF,2025-02-01 20:00:00,4,1,1,iOS applications channel,0,2025-02-01 20:00:00,2025-02-08 20:00:00,label_spec_v1,snap_20250905
mW9susPd,2025-05-12 17:00:00,8,1,1,iOS applications channel,0,2025-05-12 17:00:00,2025-05-19 17:00:00,label_spec_v1,snap_20250905
MzXubOrY,2025-03-23 14:07:54,13,1,1,iOS applications channel,1,2025-03-23 14:07:54,2025-03-30 14:07:54,label_spec_v1,snap_20250905
N6E32VUd,2025-02-24 11:49:39,2,1,1,Android applications channel,1,2025-02-24 11:49:39,2025-03-03 11:49:39,label_spec_v1,snap_20250905
nc7d8YzG,2024-12-24 07:28:06,33,1,1,Android applications channel,1,2024-12-24 07:28:06,2024-12-31 07:28:06,label_spec_v1,snap_20250905
nHEwEgCU,2025-07-10 15:00:00,21,1,1,Email channel,0,2025-07-10 15:00:00,2025-07-17 15:00:00,label_spec_v1,snap_20250905
NIb6zLKQ,2025-07-11 05:40:27,25,1,1,iOS applications channel,1,2025-07-11 05:40:27,2025-07-18 05:40:27,label_spec_v1,snap_20250905
NjpiEQhK,2025-08-29 18:00:00,8,1,1,iOS applications channel,0,2025-08-29 18:00:00,2025-09-05 18:00:00,label_spec_v1,snap_20250905
NmDgita8,2024-11-11 11:00:00,13,1,1,Email channel,0,2024-11-11 11:00:00,2024-11-18 11:00:00,label_spec_v1,snap_20250905
NNNpPsFA,2024-10-15 09:00:00,23,1,1,iOS applications channel,0,2024-10-15 09:00:00,2024-10-22 09:00:00,label_spec_v1,snap_20250905
Noo9iEjD,2025-01-25 20:00:00,9,1,1,Android applications channel,0,2025-01-25 20:00:00,2025-02-01 20:00:00,label_spec_v1,snap_20250905
NOQ7N6EQ,2025-01-11 12:00:00,5,1,1,Email channel,0,2025-01-11 12:00:00,2025-01-18 12:00:00,label_spec_v1,snap_20250905
NTsRw6Ri,2025-04-28 10:41:59,15,1,1,Email channel,1,2025-04-28 10:41:59,2025-05-05 10:41:59,label_spec_v1,snap_20250905
nWXkKWkF,2025-04-01 09:00:00,28,1,1,Email channel,0,2025-04-01 09:00:00,2025-04-08 09:00:00,label_spec_v1,snap_20250905
NyXwNb3R,2025-05-25 08:00:00,4,1,1,Email channel,0,2025-05-25 08:00:00,2025-06-01 08:00:00,label_spec_v1,snap_20250905
nz6pJuXs,2025-04-16 13:00:00,32,1,1,Android applications channel,0,2025-04-16 13:00:00,2025-04-23 13:00:00,label_spec_v1,snap_20250905
o06UKuKM,2024-11-07 16:00:00,29,1,1,Android applications channel,0,2024-11-07 16:00:00,2024-11-14 16:00:00,label_spec_v1,snap_20250905
o1evMXN9,2025-01-02 09:50:20,38,1,1,Android applications channel,1,2025-01-02 09:50:20,2025-01-09 09:50:20,label_spec_v1,snap_20250905
o52HAS5x,2025-06-01 13:28:49,13,1,1,iOS applications channel,1,2025-06-01 13:28:49,2025-06-08 13:28:49,label_spec_v1,snap_20250905
o5XLU2si,2025-08-19 09:00:00,6,1,1,Email channel,0,2025-08-19 09:00:00,2025-08-26 09:00:00,label_spec_v1,snap_20250905
OaSkfF2B,2025-08-13 12:07:22,23,1,1,iOS applications channel,1,2025-08-13 12:07:22,2025-08-20 12:07:22,label_spec_v1,snap_20250905
oavw1O9Z,2025-08-01 07:12:43,24,1,1,iOS applications channel,1,2025-08-01 07:12:43,2025-08-08 07:12:43,label_spec_v1,snap_20250905
ObF4OIsP,2025-03-24 20:00:00,27,1,1,iOS applications channel,0,2025-03-24 20:00:00,2025-03-31 20:00:00,label_spec_v1,snap_20250905
oCYS8kgn,2025-07-15 05:36:22,22,1,1,Android applications channel,1,2025-07-15 05:36:22,2025-07-22 05:36:22,label_spec_v1,snap_20250905
odgAvTEg,2025-02-11 13:00:00,35,1,1,iOS applications channel,0,2025-02-11 13:00:00,2025-02-18 13:00:00,label_spec_v1,snap_20250905
oDsqDdg0,2025-07-19 21:00:00,7,1,1,iOS applications channel,0,2025-07-19 21:00:00,2025-07-26 21:00:00,label_spec_v1,snap_20250905
OeFDGxdF,2024-11-04 19:00:00,13,1,1,Android applications channel,0,2024-11-04 19:00:00,2024-11-11 19:00:00,label_spec_v1,snap_20250905
oeGPrnjl,2025-07-21 19:00:00,17,1,1,Android applications channel,0,2025-07-21 19:00:00,2025-07-28 19:00:00,label_spec_v1,snap_20250905
oIwO1S4a,2024-12-20 19:00:00,22,1,1,Email channel,0,2024-12-20 19:00:00,2024-12-27 19:00:00,label_spec_v1,snap_20250905
OjtR469Y,2025-05-06 03:44:10,10,1,1,Android applications channel,1,2025-05-06 03:44:10,2025-05-13 03:44:10,label_spec_v1,snap_20250905
OKg7FjvV,2025-05-11 08:00:00,19,1,1,Android applications channel,0,2025-05-11 08:00:00,2025-05-18 08:00:00,label_spec_v1,snap_20250905
OllOQBzb,2024-11-21 08:00:00,2,1,1,iOS applications channel,0,2024-11-21 08:00:00,2024-11-28 08:00:00,label_spec_v1,snap_20250905
OluOdaCr,2025-06-08 14:00:00,23,1,1,iOS applications channel,0,2025-06-08 14:00:00,2025-06-15 14:00:00,label_spec_v1,snap_20250905
OlYxGohm,2025-08-28 17:00:00,34,1,1,Email channel,0,2025-08-28 17:00:00,2025-09-04 17:00:00,label_spec_v1,snap_20250905
oQL0lytU,2025-06-13 18:00:00,10,1,1,Android applications channel,0,2025-06-13 18:00:00,2025-06-20 18:00:00,label_spec_v1,snap_20250905
ot2TjZD6,2024-11-28 10:00:00,13,1,1,Email channel,0,2024-11-28 10:00:00,2024-12-05 10:00:00,label_spec_v1,snap_20250905
oupA6Uur,2025-07-07 12:28:35,16,1,1,Email channel,1,2025-07-07 12:28:35,2025-07-14 12:28:35,label_spec_v1,snap_20250905
oV3tAY4v,2025-05-28 15:00:00,37,1,1,iOS applications channel,0,2025-05-28 15:00:00,2025-06-04 15:00:00,label_spec_v1,snap_20250905
oVfBgWOT,2025-07-19 15:00:00,32,1,1,iOS applications channel,0,2025-07-19 15:00:00,2025-07-26 15:00:00,label_spec_v1,snap_20250905
OYNDeh15,2025-06-11 17:00:00,33,1,1,iOS applications channel,0,2025-06-11 17:00:00,2025-06-18 17:00:00,label_spec_v1,snap_20250905
ozSptQLx,2025-03-23 08:14:49,12,1,1,iOS applications channel,1,2025-03-23 08:14:49,2025-03-30 08:14:49,label_spec_v1,snap_20250905
P1jF7TsG,2024-11-26 20:00:00,1,1,1,Android applications channel,0,2024-11-26 20:00:00,2024-12-03 20:00:00,label_spec_v1,snap_20250905
P4XJU3nB,2025-03-05 20:00:00,13,1,1,Android applications channel,0,2025-03-05 20:00:00,2025-03-12 20:00:00,label_spec_v1,snap_20250905
p5dZ2ZZM,2024-11-19 19:00:00,1,1,1,Email channel,0,2024-11-19 19:00:00,2024-11-26 19:00:00,label_spec_v1,snap_20250905
p9cR4uy6,2025-03-03 10:43:38,10,1,1,Email channel,1,2025-03-03 10:43:38,2025-03-10 10:43:38,label_spec_v1,snap_20250905
PAGb3X9X,2025-07-05 11:00:00,18,1,1,iOS applications channel,0,2025-07-05 11:00:00,2025-07-12 11:00:00,label_spec_v1,snap_20250905
PbgzAcJJ,2025-03-19 19:00:00,23,1,1,iOS applications channel,0,2025-03-19 19:00:00,2025-03-26 19:00:00,label_spec_v1,snap_20250905
PBr1xiRU,2025-02-05 07:05:54,20,1,1,iOS applications channel,1,2025-02-05 07:05:54,2025-02-12 07:05:54,label_spec_v1,snap_20250905
pDwjrm74,2025-05-28 18:00:00,8,1,1,iOS applications channel,0,2025-05-28 18:00:00,2025-06-04 18:00:00,label_spec_v1,snap_20250905
PeCDRHwi,2025-08-19 12:00:00,7,1,1,Email channel,0,2025-08-19 12:00:00,2025-08-26 12:00:00,label_spec_v1,snap_20250905
pF6LjoDO,2025-06-28 14:00:00,25,1,1,iOS applications channel,0,2025-06-28 14:00:00,2025-07-05 14:00:00,label_spec_v1,snap_20250905
PfTganEe,2025-06-30 09:00:00,24,1,1,Email channel,0,2025-06-30 09:00:00,2025-07-07 09:00:00,label_spec_v1,snap_20250905
pgsNe5mu,2025-07-30 20:00:00,7,1,1,iOS applications channel,0,2025-07-30 20:00:00,2025-08-06 20:00:00,label_spec_v1,snap_20250905
Pj6r0jed,2025-01-05 19:00:00,21,1,1,Android applications channel,0,2025-01-05 19:00:00,2025-01-12 19:00:00,label_spec_v1,snap_20250905
PNcKPRPz,2025-02-10 17:56:30,31,1,1,iOS applications channel,1,2025-02-10 17:56:30,2025-02-17 17:56:30,label_spec_v1,snap_20250905
pnLwddsF,2025-07-02 18:00:00,29,1,1,Android applications channel,0,2025-07-02 18:00:00,2025-07-09 18:00:00,label_spec_v1,snap_20250905
pPakfrXz,2025-01-13 15:00:00,22,1,1,Email channel,0,2025-01-13 15:00:00,2025-01-20 15:00:00,label_spec_v1,snap_20250905
ppdQ5HoO,2024-10-04 11:00:00,10,1,1,Email channel,0,2024-10-04 11:00:00,2024-10-11 11:00:00,label_spec_v1,snap_20250905
prJto8tX,2025-01-10 13:00:00,37,1,1,Android applications channel,0,2025-01-10 13:00:00,2025-01-17 13:00:00,label_spec_v1,snap_20250905
Prp9hbVl,2025-08-06 12:53:26,35,1,1,Email channel,1,2025-08-06 12:53:26,2025-08-13 12:53:26,label_spec_v1,snap_20250905
PtDu7W7e,2025-05-17 13:00:00,31,1,1,Android applications channel,0,2025-05-17 13:00:00,2025-05-24 13:00:00,label_spec_v1,snap_20250905
pW1RzFjK,2025-01-06 21:00:00,3,1,1,Email channel,0,2025-01-06 21:00:00,2025-01-13 21:00:00,label_spec_v1,snap_20250905
pWDKNQyv,2025-02-08 21:00:00,2,1,1,Android applications channel,0,2025-02-08 21:00:00,2025-02-15 21:00:00,label_spec_v1,snap_20250905
pxskC1IT,2025-03-30 20:00:00,30,1,1,iOS applications channel,0,2025-03-30 20:00:00,2025-04-06 20:00:00,label_spec_v1,snap_20250905
PYcy4OqX,2025-04-26 15:00:00,22,1,1,Email channel,0,2025-04-26 15:00:00,2025-05-03 15:00:00,label_spec_v1,snap_20250905
pyKwKsSs,2025-06-28 13:00:00,4,1,1,Android applications channel,0,2025-06-28 13:00:00,2025-07-05 13:00:00,label_spec_v1,snap_20250905
PYvK2g5H,2025-07-08 08:40:57,27,1,1,Email channel,1,2025-07-08 08:40:57,2025-07-15 08:40:57,label_spec_v1,snap_20250905
q0aVnLec,2025-04-06 15:00:00,23,1,1,iOS applications channel,0,2025-04-06 15:00:00,2025-04-13 15:00:00,label_spec_v1,snap_20250905
q1fEbVId,2025-01-18 12:00:00,32,1,1,iOS applications channel,0,2025-01-18 12:00:00,2025-01-25 12:00:00,label_spec_v1,snap_20250905
Q2hU5tGt,2025-04-12 10:00:00,25,1,1,Email channel,0,2025-04-12 10:00:00,2025-04-19 10:00:00,label_spec_v1,snap_20250905
Q3VZprkY,2024-10-24 11:00:00,18,1,1,Email channel,0,2024-10-24 11:00:00,2024-10-31 11:00:00,label_spec_v1,snap_20250905
Q4JlsgEi,2025-06-27 17:00:00,3,1,1,iOS applications channel,0,2025-06-27 17:00:00,2025-07-04 17:00:00,label_spec_v1,snap_20250905
q608E9Zs,2025-03-27 10:00:00,36,1,1,iOS applications channel,0,2025-03-27 10:00:00,2025-04-03 10:00:00,label_spec_v1,snap_20250905
Q8VS8IAL,2025-08-27 17:00:00,18,1,1,iOS applications channel,0,2025-08-27 17:00:00,2025-09-03 17:00:00,label_spec_v1,snap_20250905
Q911xJPM,2024-11-02 14:00:00,22,1,1,iOS applications channel,0,2024-11-02 14:00:00,2024-11-09 14:00:00,label_spec_v1,snap_20250905
QAuzSsJi,2025-07-10 14:00:00,13,1,1,iOS applications channel,0,2025-07-10 14:00:00,2025-07-17 14:00:00,label_spec_v1,snap_20250905
qcWPmsw3,2025-05-01 18:00:00,28,1,1,Email channel,0,2025-05-01 18:00:00,2025-05-08 18:00:00,label_spec_v1,snap_20250905
qDqQa5ZD,2025-04-23 13:00:00,24,1,1,Android applications channel,0,2025-04-23 13:00:00,2025-04-30 13:00:00,label_spec_v1,snap_20250905
QEo2gw2J,2024-10-21 15:00:00,23,1,1,Email channel,0,2024-10-21 15:00:00,2024-10-28 15:00:00,label_spec_v1,snap_20250905
QfkplJek,2025-02-27 17:00:00,29,1,1,Android applications channel,0,2025-02-27 17:00:00,2025-03-06 17:00:00,label_spec_v1,snap_20250905
qfxQ5Pkd,2024-10-28 17:50:44,10,1,1,Android applications channel,1,2024-10-28 17:50:44,2024-11-04 17:50:44,label_spec_v1,snap_20250905
qh4gVJjr,2025-02-17 18:00:00,10,1,1,Android applications channel,0,2025-02-17 18:00:00,2025-02-24 18:00:00,label_spec_v1,snap_20250905
QHoAtrdJ,2025-01-18 08:00:00,36,1,1,iOS applications channel,0,2025-01-18 08:00:00,2025-01-25 08:00:00,label_spec_v1,snap_20250905
qJeK0o6q,2024-12-04 08:00:00,36,1,1,iOS applications channel,0,2024-12-04 08:00:00,2024-12-11 08:00:00,label_spec_v1,snap_20250905
QLKHu7qn,2025-01-10 18:00:00,25,1,1,Email channel,0,2025-01-10 18:00:00,2025-01-17 18:00:00,label_spec_v1,snap_20250905
qmN3X33C,2025-06-25 10:00:00,15,1,1,Email channel,0,2025-06-25 10:00:00,2025-07-02 10:00:00,label_spec_v1,snap_20250905
Qp29ZNRk,2025-04-24 19:00:00,1,1,1,iOS applications channel,0,2025-04-24 19:00:00,2025-05-01 19:00:00,label_spec_v1,snap_20250905
QprI0Y6V,2024-09-22 18:00:00,10,1,1,Email channel,0,2024-09-22 18:00:00,2024-09-29 18:00:00,label_spec_v1,snap_20250905
qQjTBYye,2025-08-11 16:00:00,35,1,1,Android applications channel,0,2025-08-11 16:00:00,2025-08-18 16:00:00,label_spec_v1,snap_20250905
qQstpgdz,2025-05-27 15:00:00,18,1,1,Email channel,0,2025-05-27 15:00:00,2025-06-03 15:00:00,label_spec_v1,snap_20250905
qTCnNsS6,2024-12-01 21:00:00,32,1,1,Email channel,0,2024-12-01 21:00:00,2024-12-08 21:00:00,label_spec_v1,snap_20250905
QTFjmsn9,2025-04-20 09:00:00,20,1,1,iOS applications channel,0,2025-04-20 09:00:00,2025-04-27 09:00:00,label_spec_v1,snap_20250905
QTupqziQ,2025-01-18 11:12:08,14,1,1,Email channel,1,2025-01-18 11:12:08,2025-01-25 11:12:08,label_spec_v1,snap_20250905
quhXz3G0,2024-11-25 19:00:00,37,1,1,Android applications channel,0,2024-11-25 19:00:00,2024-12-02 19:00:00,label_spec_v1,snap_20250905
qVbwYewp,2024-11-18 13:00:00,17,1,1,Android applications channel,0,2024-11-18 13:00:00,2024-11-25 13:00:00,label_spec_v1,snap_20250905
QxTChgWQ,2025-08-27 08:28:24,35,1,1,Android applications channel,1,2025-08-27 08:28:24,2025-09-03 08:28:24,label_spec_v1,snap_20250905
qypCWr9v,2025-04-26 21:00:00,16,1,1,Email channel,0,2025-04-26 21:00:00,2025-05-03 21:00:00,label_spec_v1,snap_20250905
qyPFKMEc,2025-01-12 09:00:00,28,1,1,Email channel,0,2025-01-12 09:00:00,2025-01-19 09:00:00,label_spec_v1,snap_20250905
QZ7mBhIo,2024-09-18 20:00:00,28,1,1,Android applications channel,1,2024-09-18 20:00:00,2024-09-25 20:00:00,label_spec_v1,snap_20250905
R02fP2PW,2024-12-16 21:00:00,6,1,1,iOS applications channel,0,2024-12-16 21:00:00,2024-12-23 21:00:00,label_spec_v1,snap_20250905
r20i5Imq,2025-08-29 20:00:00,29,1,1,Email channel,0,2025-08-29 20:00:00,2025-09-05 20:00:00,label_spec_v1,snap_20250905
r5IKQcl7,2025-08-29 20:00:00,20,1,1,iOS applications channel,1,2025-08-29 20:00:00,2025-09-05 20:00:00,label_spec_v1,snap_20250905
R8KCDXsX,2025-07-08 21:00:00,27,1,1,iOS applications channel,0,2025-07-08 21:00:00,2025-07-15 21:00:00,label_spec_v1,snap_20250905
RaE6iPlM,2025-06-16 15:00:00,10,1,1,Email channel,0,2025-06-16 15:00:00,2025-06-23 15:00:00,label_spec_v1,snap_20250905
rBFbyvQR,2025-04-12 10:15:11,21,1,1,Email channel,1,2025-04-12 10:15:11,2025-04-19 10:15:11,label_spec_v1,snap_20250905
RbpxFMCl,2025-01-21 12:43:51,12,1,1,Email channel,1,2025-01-21 12:43:51,2025-01-28 12:43:51,label_spec_v1,snap_20250905
RC3nf5gi,2024-11-14 10:00:00,23,1,1,Email channel,0,2024-11-14 10:00:00,2024-11-21 10:00:00,label_spec_v1,snap_20250905
rCpjgds8,2025-06-01 11:00:00,19,1,1,Android applications channel,0,2025-06-01 11:00:00,2025-06-08 11:00:00,label_spec_v1,snap_20250905
rCQBFMCA,2025-08-29 10:57:20,23,1,1,Email channel,1,2025-08-29 10:57:20,2025-09-05 10:57:20,label_spec_v1,snap_20250905
rdGoJPyz,2025-02-27 11:00:00,9,1,1,iOS applications channel,0,2025-02-27 11:00:00,2025-03-06 11:00:00,label_spec_v1,snap_20250905
rJaH8mfp,2025-03-19 12:00:00,12,1,1,iOS applications channel,0,2025-03-19 12:00:00,2025-03-26 12:00:00,label_spec_v1,snap_20250905
rJqikL2q,2025-03-27 15:00:00,6,1,1,iOS applications channel,0,2025-03-27 15:00:00,2025-04-03 15:00:00,label_spec_v1,snap_20250905
rlLBO0Ff,2024-12-01 18:00:00,11,1,1,iOS applications channel,0,2024-12-01 18:00:00,2024-12-08 18:00:00,label_spec_v1,snap_20250905
rnWGhwBh,2024-11-19 18:00:00,40,1,1,Android applications channel,0,2024-11-19 18:00:00,2024-11-26 18:00:00,label_spec_v1,snap_20250905
ROatAQgQ,2025-07-01 21:00:00,35,1,1,Email channel,0,2025-07-01 21:00:00,2025-07-08 21:00:00,label_spec_v1,snap_20250905
roe8miXX,2025-07-20 08:40:14,33,1,1,iOS applications channel,1,2025-07-20 08:40:14,2025-07-27 08:40:14,label_spec_v1,snap_20250905
roIskXDK,2025-03-06 13:15:44,12,1,1,Email channel,1,2025-03-06 13:15:44,2025-03-13 13:15:44,label_spec_v1,snap_20250905
rOu3rqPT,2024-09-12 08:00:00,27,1,1,Email channel,0,2024-09-12 08:00:00,2024-09-19 08:00:00,label_spec_v1,snap_20250905
RPBHAx3c,2025-08-14 10:00:00,24,1,1,iOS applications channel,0,2025-08-14 10:00:00,2025-08-21 10:00:00,label_spec_v1,snap_20250905
RPetSBU9,2024-11-07 17:00:00,15,1,1,Email channel,0,2024-11-07 17:00:00,2024-11-14 17:00:00,label_spec_v1,snap_20250905
RpQgwXJ4,2024-10-28 11:52:40,5,1,1,Android applications channel,1,2024-10-28 11:52:40,2024-11-04 11:52:40,label_spec_v1,snap_20250905
Rt0TSMcn,2025-04-08 07:19:49,10,1,1,Email channel,1,2025-04-08 07:19:49,2025-04-15 07:19:49,label_spec_v1,snap_20250905
RTdky9Oa,2024-11-16 08:00:00,31,1,1,Email channel,0,2024-11-16 08:00:00,2024-11-23 08:00:00,label_spec_v1,snap_20250905
ru1svJKi,2025-03-02 20:00:00,26,1,1,iOS applications channel,0,2025-03-02 20:00:00,2025-03-09 20:00:00,label_spec_v1,snap_20250905
rU4hX5bv,2025-01-01 19:00:00,19,1,1,Android applications channel,0,2025-01-01 19:00:00,2025-01-08 19:00:00,label_spec_v1,snap_20250905
RU8VVQmx,2025-04-30 17:49:14,19,1,1,Email channel,1,2025-04-30 17:49:14,2025-05-07 17:49:14,label_spec_v1,snap_20250905
Rv7DMLeo,2025-01-19 10:00:00,8,1,1,iOS applications channel,0,2025-01-19 10:00:00,2025-01-26 10:00:00,label_spec_v1,snap_20250905
RVJ3oVPJ,2025-03-19 12:00:00,5,1,1,Android applications channel,0,2025-03-19 12:00:00,2025-03-26 12:00:00,label_spec_v1,snap_20250905
RWM3YfHC,2025-04-21 08:00:00,12,1,1,Android applications channel,0,2025-04-21 08:00:00,2025-04-28 08:00:00,label_spec_v1,snap_20250905
RXia9J7k,2025-08-18 21:00:00,29,1,1,Android applications channel,0,2025-08-18 21:00:00,2025-08-25 21:00:00,label_spec_v1,snap_20250905
RXVd6MVF,2025-06-24 12:10:22,26,1,1,Android applications channel,1,2025-06-24 12:10:22,2025-07-01 12:10:22,label_spec_v1,snap_20250905
rXXHFOpr,2024-11-17 13:00:00,38,1,1,Email channel,0,2024-11-17 13:00:00,2024-11-24 13:00:00,label_spec_v1,snap_20250905
s4catKMg,2025-02-25 18:00:00,37,1,1,Email channel,0,2025-02-25 18:00:00,2025-03-04 18:00:00,label_spec_v1,snap_20250905
S6xfB2gp,2024-12-11 13:00:00,32,1,1,Email channel,0,2024-12-11 13:00:00,2024-12-18 13:00:00,label_spec_v1,snap_20250905
S74xD8Fu,2024-12-25 16:00:00,20,1,1,iOS applications channel,0,2024-12-25 16:00:00,2025-01-01 16:00:00,label_spec_v1,snap_20250905
Sb22Q4tn,2025-07-12 15:32:54,37,1,1,Android applications channel,1,2025-07-12 15:32:54,2025-07-19 15:32:54,label_spec_v1,snap_20250905
SCuetcZT,2025-07-11 13:00:00,27,1,1,iOS applications channel,0,2025-07-11 13:00:00,2025-07-18 13:00:00,label_spec_v1,snap_20250905
sGQONvf0,2025-03-15 11:50:07,34,1,1,iOS applications channel,1,2025-03-15 11:50:07,2025-03-22 11:50:07,label_spec_v1,snap_20250905
SHBo8ZEY,2025-06-01 11:00:00,18,1,1,iOS applications channel,0,2025-06-01 11:00:00,2025-06-08 11:00:00,label_spec_v1,snap_20250905
SKoCxzDX,2025-01-28 08:00:00,23,1,1,Email channel,0,2025-01-28 08:00:00,2025-02-04 08:00:00,label_spec_v1,snap_20250905
sMnTvnRO,2025-08-21 20:00:00,37,1,1,iOS applications channel,0,2025-08-21 20:00:00,2025-08-28 20:00:00,label_spec_v1,snap_20250905
SOF9KYpu,2025-09-01 17:00:00,14,1,1,iOS applications channel,0,2025-09-01 17:00:00,2025-09-08 17:00:00,label_spec_v1,snap_20250905
soxltaTI,2024-10-08 15:00:00,14,1,1,Email channel,0,2024-10-08 15:00:00,2024-10-15 15:00:00,label_spec_v1,snap_20250905
SpdQhDtk,2024-10-02 10:00:00,2,1,1,iOS applications channel,0,2024-10-02 10:00:00,2024-10-09 10:00:00,label_spec_v1,snap_20250905
SpKyo2XA,2025-05-30 18:00:00,21,1,1,Android applications channel,0,2025-05-30 18:00:00,2025-06-06 18:00:00,label_spec_v1,snap_20250905
SQd7yyA9,2024-10-31 18:00:00,7,1,1,Email channel,0,2024-10-31 18:00:00,2024-11-07 18:00:00,label_spec_v1,snap_20250905
SRBZ86lg,2025-04-16 12:00:00,39,1,1,Email channel,0,2025-04-16 12:00:00,2025-04-23 12:00:00,label_spec_v1,snap_20250905
sRRLFHQt,2025-05-22 17:00:00,29,1,1,iOS applications channel,0,2025-05-22 17:00:00,2025-05-29 17:00:00,label_spec_v1,snap_20250905
SsilUa8S,2025-05-16 10:00:00,6,1,1,iOS applications channel,0,2025-05-16 10:00:00,2025-05-23 10:00:00,label_spec_v1,snap_20250905
sTnSTFuE,2025-04-27 11:00:00,10,1,1,Android applications channel,0,2025-04-27 11:00:00,2025-05-04 11:00:00,label_spec_v1,snap_20250905
SUd82kgA,2024-10-29 18:00:00,16,1,1,Android applications channel,0,2024-10-29 18:00:00,2024-11-05 18:00:00,label_spec_v1,snap_20250905
sUt1LLQF,2025-08-31 17:30:06,19,1,1,Email channel,1,2025-08-31 17:30:06,2025-09-07 17:30:06,label_spec_v1,snap_20250905
Sv0h3BSi,2025-01-14 21:00:00,15,1,1,Email channel,0,2025-01-14 21:00:00,2025-01-21 21:00:00,label_spec_v1,snap_20250905
SyFzpjPS,2024-10-04 10:03:17,31,1,1,Android applications channel,1,2024-10-04 10:03:17,2024-10-11 10:03:17,label_spec_v1,snap_20250905
sZpTefrj,2025-06-12 13:00:00,4,1,1,Email channel,0,2025-06-12 13:00:00,2025-06-19 13:00:00,label_spec_v1,snap_20250905
T6Ce5fuM,2024-10-24 08:00:00,35,1,1,Android applications channel,0,2024-10-24 08:00:00,2024-10-31 08:00:00,label_spec_v1,snap_20250905
T9TPrB5y,2025-05-24 08:52:54,34,1,1,Email channel,1,2025-05-24 08:52:54,2025-05-31 08:52:54,label_spec_v1,snap_20250905
tDeSdkCA,2025-03-20 14:00:00,3,1,1,iOS applications channel,0,2025-03-20 14:00:00,2025-03-27 14:00:00,label_spec_v1,snap_20250905
tDq2hfkZ,2024-11-11 19:00:00,5,1,1,Android applications channel,0,2024-11-11 19:00:00,2024-11-18 19:00:00,label_spec_v1,snap_20250905
TiHnJuQE,2024-12-19 10:00:00,15,1,1,Android applications channel,0,2024-12-19 10:00:00,2024-12-26 10:00:00,label_spec_v1,snap_20250905
TjanGDxd,2025-05-08 21:00:00,23,1,1,iOS applications channel,0,2025-05-08 21:00:00,2025-05-15 21:00:00,label_spec_v1,snap_20250905
TLFf5GCZ,2025-08-09 11:11:05,8,1,1,Android applications channel,1,2025-08-09 11:11:05,2025-08-16 11:11:05,label_spec_v1,snap_20250905
tLUKaqPx,2025-08-21 10:55:04,18,1,1,Email channel,1,2025-08-21 10:55:04,2025-08-28 10:55:04,label_spec_v1,snap_20250905
tNZPHaQ0,2025-06-05 10:00:00,2,1,1,iOS applications channel,0,2025-06-05 10:00:00,2025-06-12 10:00:00,label_spec_v1,snap_20250905
ToRIOYE6,2024-11-05 16:00:00,3,1,1,Android applications channel,0,2024-11-05 16:00:00,2024-11-12 16:00:00,label_spec_v1,snap_20250905
Tow88H5s,2024-12-20 17:00:00,13,1,1,iOS applications channel,0,2024-12-20 17:00:00,2024-12-27 17:00:00,label_spec_v1,snap_20250905
TrA1EEpD,2025-02-22 15:00:00,1,1,1,Android applications channel,0,2025-02-22 15:00:00,2025-03-01 15:00:00,label_spec_v1,snap_20250905
tsnBYLMP,2025-04-03 14:00:00,11,1,1,Android applications channel,0,2025-04-03 14:00:00,2025-04-10 14:00:00,label_spec_v1,snap_20250905
TSw8KKjK,2024-11-29 12:00:00,39,1,1,iOS applications channel,0,2024-11-29 12:00:00,2024-12-06 12:00:00,label_spec_v1,snap_20250905
TuyMHsDG,2025-05-03 12:18:35,7,1,1,Email channel,1,2025-05-03 12:18:35,2025-05-10 12:18:35,label_spec_v1,snap_20250905
TV7JOnmn,2025-08-04 15:00:00,19,1,1,Email channel,0,2025-08-04 15:00:00,2025-08-11 15:00:00,label_spec_v1,snap_20250905
TvcfedlY,2025-05-01 16:00:00,39,1,1,Email channel,0,2025-05-01 16:00:00,2025-05-08 16:00:00,label_spec_v1,snap_20250905
U0igyQMM,2025-05-19 15:00:00,40,1,1,iOS applications channel,0,2025-05-19 15:00:00,2025-05-26 15:00:00,label_spec_v1,snap_20250905
U27c66lA,2025-01-05 15:18:26,13,1,1,Email channel,1,2025-01-05 15:18:26,2025-01-12 15:18:26,label_spec_v1,snap_20250905
U2Q96M3j,2025-02-02 09:00:00,8,1,1,iOS applications channel,0,2025-02-02 09:00:00,2025-02-09 09:00:00,label_spec_v1,snap_20250905
U3SObMEq,2024-12-20 07:07:01,34,1,1,Email channel,1,2024-12-20 07:07:01,2024-12-27 07:07:01,label_spec_v1,snap_20250905
U6ZefyJz,2024-09-19 17:00:00,34,1,1,iOS applications channel,0,2024-09-19 17:00:00,2024-09-26 17:00:00,label_spec_v1,snap_20250905
u7NukzNV,2025-01-19 11:00:00,36,1,1,iOS applications channel,0,2025-01-19 11:00:00,2025-01-26 11:00:00,label_spec_v1,snap_20250905
u7tGz0IE,2025-04-27 13:00:00,23,1,1,iOS applications channel,0,2025-04-27 13:00:00,2025-05-04 13:00:00,label_spec_v1,snap_20250905
UAk4AF4y,2025-08-22 03:49:45,29,1,1,Email channel,1,2025-08-22 03:49:45,2025-08-29 03:49:45,label_spec_v1,snap_20250905
uBVhg2W4,2025-03-28 15:00:00,21,1,1,Email channel,0,2025-03-28 15:00:00,2025-04-04 15:00:00,label_spec_v1,snap_20250905
uDCCRnGE,2025-05-27 11:43:38,15,1,1,Email channel,1,2025-05-27 11:43:38,2025-06-03 11:43:38,label_spec_v1,snap_20250905
UfGVwdgB,2025-03-13 09:00:00,27,1,1,iOS applications channel,0,2025-03-13 09:00:00,2025-03-20 09:00:00,label_spec_v1,snap_20250905
uGf8gk9X,2025-07-10 20:00:00,22,1,1,iOS applications channel,0,2025-07-10 20:00:00,2025-07-17 20:00:00,label_spec_v1,snap_20250905
UjA3PjeE,2025-03-12 10:00:00,8,1,1,iOS applications channel,0,2025-03-12 10:00:00,2025-03-19 10:00:00,label_spec_v1,snap_20250905
ujCeECOt,2025-01-15 19:00:00,30,1,1,Email channel,0,2025-01-15 19:00:00,2025-01-22 19:00:00,label_spec_v1,snap_20250905
ul9z9usV,2025-01-16 19:00:00,36,1,1,iOS applications channel,0,2025-01-16 19:00:00,2025-01-23 19:00:00,label_spec_v1,snap_20250905
UmuhVI8W,2025-06-21 11:00:00,38,1,1,Android applications channel,0,2025-06-21 11:00:00,2025-06-28 11:00:00,label_spec_v1,snap_20250905
UnOVj6AN,2024-11-14 15:00:00,17,1,1,Android applications channel,0,2024-11-14 15:00:00,2024-11-21 15:00:00,label_spec_v1,snap_20250905
uOT4WF3I,2025-01-17 16:00:00,8,1,1,Email channel,0,2025-01-17 16:00:00,2025-01-24 16:00:00,label_spec_v1,snap_20250905
UpEwQRPy,2025-01-11 20:00:00,12,1,1,iOS applications channel,0,2025-01-11 20:00:00,2025-01-18 20:00:00,label_spec_v1,snap_20250905
UqkxiVX3,2024-12-01 19:00:00,4,1,1,iOS applications channel,0,2024-12-01 19:00:00,2024-12-08 19:00:00,label_spec_v1,snap_20250905
UQOgXLVW,2024-10-09 19:00:00,9,1,1,Android applications channel,0,2024-10-09 19:00:00,2024-10-16 19:00:00,label_spec_v1,snap_20250905
UtgnHpAF,2025-02-17 10:00:00,8,1,1,iOS applications channel,0,2025-02-17 10:00:00,2025-02-24 10:00:00,label_spec_v1,snap_20250905
uTssKr82,2025-03-25 20:00:00,30,1,1,Android applications channel,0,2025-03-25 20:00:00,2025-04-01 20:00:00,label_spec_v1,snap_20250905
UuX8KMf4,2024-10-11 13:00:00,19,1,1,Android applications channel,0,2024-10-11 13:00:00,2024-10-18 13:00:00,label_spec_v1,snap_20250905
uVAlmiYI,2025-09-03 18:00:00,36,1,1,iOS applications channel,0,2025-09-03 18:00:00,2025-09-10 18:00:00,label_spec_v1,snap_20250905
UWhcZQAN,2025-07-03 17:00:00,31,1,1,Android applications channel,0,2025-07-03 17:00:00,2025-07-10 17:00:00,label_spec_v1,snap_20250905
Uy7zNPHs,2025-08-24 12:57:12,33,1,1,Android applications channel,1,2025-08-24 12:57:12,2025-08-31 12:57:12,label_spec_v1,snap_20250905
uyrlbuMo,2025-03-27 18:00:00,13,1,1,Android applications channel,0,2025-03-27 18:00:00,2025-04-03 18:00:00,label_spec_v1,snap_20250905
UYwkiUIF,2025-08-16 21:00:00,2,1,1,iOS applications channel,0,2025-08-16 21:00:00,2025-08-23 21:00:00,label_spec_v1,snap_20250905
uZVSw6Lb,2025-07-13 18:00:00,3,1,1,iOS applications channel,0,2025-07-13 18:00:00,2025-07-20 18:00:00,label_spec_v1,snap_20250905
v0Yttr1F,2025-02-11 15:00:00,25,1,1,Email channel,0,2025-02-11 15:00:00,2025-02-18 15:00:00,label_spec_v1,snap_20250905
V3vZhD9e,2025-01-23 13:00:00,8,1,1,iOS applications channel,0,2025-01-23 13:00:00,2025-01-30 13:00:00,label_spec_v1,snap_20250905
v4EDCwXt,2024-11-21 09:00:00,3,1,1,iOS applications channel,0,2024-11-21 09:00:00,2024-11-28 09:00:00,label_spec_v1,snap_20250905
V5UwnA5P,2025-07-20 21:00:00,10,1,1,Android applications channel,0,2025-07-20 21:00:00,2025-07-27 21:00:00,label_spec_v1,snap_20250905
VEnm0Ir7,2025-02-18 18:00:00,22,1,1,Email channel,0,2025-02-18 18:00:00,2025-02-25 18:00:00,label_spec_v1,snap_20250905
vfLQj6wt,2025-02-16 20:00:00,21,1,1,Android applications channel,0,2025-02-16 20:00:00,2025-02-23 20:00:00,label_spec_v1,snap_20250905
vicwIv0P,2025-05-20 18:00:00,22,1,1,Email channel,0,2025-05-20 18:00:00,2025-05-27 18:00:00,label_spec_v1,snap_20250905
vIwRX3UR,2024-10-06 19:00:00,18,1,1,Email channel,0,2024-10-06 19:00:00,2024-10-13 19:00:00,label_spec_v1,snap_20250905
VIZM5oFo,2025-02-24 09:00:00,33,1,1,iOS applications channel,0,2025-02-24 09:00:00,2025-03-03 09:00:00,label_spec_v1,snap_20250905
vJB9DoZz,2025-08-26 20:00:00,32,1,1,Android applications channel,0,2025-08-26 20:00:00,2025-09-02 20:00:00,label_spec_v1,snap_20250905
VlhaTiSa,2025-06-27 13:10:51,32,1,1,Email channel,1,2025-06-27 13:10:51,2025-07-04 13:10:51,label_spec_v1,snap_20250905
VMxASJ6E,2025-07-05 15:00:00,21,1,1,Android applications channel,0,2025-07-05 15:00:00,2025-07-12 15:00:00,label_spec_v1,snap_20250905
VN4mCLBy,2025-08-15 05:27:04,33,1,1,Android applications channel,1,2025-08-15 05:27:04,2025-08-22 05:27:04,label_spec_v1,snap_20250905
vpaaQf6h,2025-05-22 19:00:00,12,1,1,Email channel,0,2025-05-22 19:00:00,2025-05-29 19:00:00,label_spec_v1,snap_20250905
vRhALtY5,2024-11-29 20:00:00,7,1,1,Email channel,0,2024-11-29 20:00:00,2024-12-06 20:00:00,label_spec_v1,snap_20250905
vRMdYOPv,2025-05-18 12:00:00,6,1,1,iOS applications channel,0,2025-05-18 12:00:00,2025-05-25 12:00:00,label_spec_v1,snap_20250905
VRqLy0O8,2025-01-28 17:00:00,9,1,1,iOS applications channel,0,2025-01-28 17:00:00,2025-02-04 17:00:00,label_spec_v1,snap_20250905
vtuikU8B,2024-12-09 14:08:05,11,1,1,Android applications channel,1,2024-12-09 14:08:05,2024-12-16 14:08:05,label_spec_v1,snap_20250905
VUj4APg1,2025-05-26 19:00:00,17,1,1,Android applications channel,0,2025-05-26 19:00:00,2025-06-02 19:00:00,label_spec_v1,snap_20250905
VvovXkeG,2025-03-19 21:00:00,23,1,1,iOS applications channel,0,2025-03-19 21:00:00,2025-03-26 21:00:00,label_spec_v1,snap_20250905
VWE6pSMT,2025-01-29 16:00:00,13,1,1,iOS applications channel,0,2025-01-29 16:00:00,2025-02-05 16:00:00,label_spec_v1,snap_20250905
vXiOqkVC,2025-01-26 14:00:00,10,1,1,Email channel,1,2025-01-26 14:00:00,2025-02-02 14:00:00,label_spec_v1,snap_20250905
vxsn8WNH,2025-03-28 10:00:00,16,1,1,iOS applications channel,0,2025-03-28 10:00:00,2025-04-04 10:00:00,label_spec_v1,snap_20250905
VXXFJGhK,2025-02-07 10:00:00,10,1,1,Android applications channel,0,2025-02-07 10:00:00,2025-02-14 10:00:00,label_spec_v1,snap_20250905
vYjics61,2024-12-09 15:00:00,13,1,1,iOS applications channel,0,2024-12-09 15:00:00,2024-12-16 15:00:00,label_spec_v1,snap_20250905
VzYZ2Is9,2025-03-03 17:25:27,13,1,1,Email channel,1,2025-03-03 17:25:27,2025-03-10 17:25:27,label_spec_v1,snap_20250905
W1HmbRaO,2024-11-13 20:00:00,4,1,1,iOS applications channel,0,2024-11-13 20:00:00,2024-11-20 20:00:00,label_spec_v1,snap_20250905
W4yrW81A,2025-03-21 16:00:00,26,1,1,iOS applications channel,0,2025-03-21 16:00:00,2025-03-28 16:00:00,label_spec_v1,snap_20250905
w5C9Nr4U,2025-05-25 09:00:00,3,1,1,iOS applications channel,0,2025-05-25 09:00:00,2025-06-01 09:00:00,label_spec_v1,snap_20250905
W5CN0U5G,2025-05-01 12:00:00,39,1,1,iOS applications channel,0,2025-05-01 12:00:00,2025-05-08 12:00:00,label_spec_v1,snap_20250905
w712llpL,2025-08-16 19:00:00,20,1,1,iOS applications channel,0,2025-08-16 19:00:00,2025-08-23 19:00:00,label_spec_v1,snap_20250905
w7GgsYRt,2024-11-19 20:00:00,39,1,1,Email channel,0,2024-11-19 20:00:00,2024-11-26 20:00:00,label_spec_v1,snap_20250905
w9XZjscs,2024-10-18 13:00:00,8,1,1,iOS applications channel,0,2024-10-18 13:00:00,2024-10-25 13:00:00,label_spec_v1,snap_20250905
WaAi1Ooe,2025-07-30 19:56:55,3,1,1,iOS applications channel,1,2025-07-30 19:56:55,2025-08-06 19:56:55,label_spec_v1,snap_20250905
wal3jKQz,2025-08-06 14:00:00,29,1,1,iOS applications channel,0,2025-08-06 14:00:00,2025-08-13 14:00:00,label_spec_v1,snap_20250905
WB36Ud9s,2025-06-22 11:31:01,11,1,1,Android applications channel,1,2025-06-22 11:31:01,2025-06-29 11:31:01,label_spec_v1,snap_20250905
WcWUCInB,2025-06-07 09:17:17,19,1,1,Email channel,1,2025-06-07 09:17:17,2025-06-14 09:17:17,label_spec_v1,snap_20250905
wez3VcBb,2025-06-16 09:11:42,24,1,1,iOS applications channel,1,2025-06-16 09:11:42,2025-06-23 09:11:42,label_spec_v1,snap_20250905
WGiCklK8,2025-02-24 09:00:00,11,1,1,Email channel,0,2025-02-24 09:00:00,2025-03-03 09:00:00,label_spec_v1,snap_20250905
WhLUyw9B,2024-09-14 17:00:00,21,1,1,Email channel,0,2024-09-14 17:00:00,2024-09-21 17:00:00,label_spec_v1,snap_20250905
WIyD7u3m,2025-04-19 21:00:00,3,1,1,iOS applications channel,0,2025-04-19 21:00:00,2025-04-26 21:00:00,label_spec_v1,snap_20250905
wIyg1EY3,2025-03-01 09:00:00,5,1,1,Email channel,0,2025-03-01 09:00:00,2025-03-08 09:00:00,label_spec_v1,snap_20250905
WIZQ0nWp,2025-08-02 08:17:29,36,1,1,Email channel,1,2025-08-02 08:17:29,2025-08-09 08:17:29,label_spec_v1,snap_20250905
wJ77YUrs,2024-09-23 21:00:00,19,1,1,Android applications channel,0,2024-09-23 21:00:00,2024-09-30 21:00:00,label_spec_v1,snap_20250905
WkFGDF4t,2025-05-31 21:00:00,23,1,1,Email channel,0,2025-05-31 21:00:00,2025-06-07 21:00:00,label_spec_v1,snap_20250905
WLIVMmXU,2024-11-14 16:32:21,11,1,1,Android applications channel,1,2024-11-14 16:32:21,2024-11-21 16:32:21,label_spec_v1,snap_20250905
wLtO9BSq,2025-05-25 15:00:00,16,1,1,Email channel,0,2025-05-25 15:00:00,2025-06-01 15:00:00,label_spec_v1,snap_20250905
WPel8XOF,2025-09-04 09:00:00,6,1,1,iOS applications channel,0,2025-09-04 09:00:00,2025-09-11 09:00:00,label_spec_v1,snap_20250905
wQzzLmHa,2025-08-17 19:00:00,22,1,1,iOS applications channel,0,2025-08-17 19:00:00,2025-08-24 19:00:00,label_spec_v1,snap_20250905
WrgiflBC,2025-05-17 14:00:00,15,1,1,Email channel,0,2025-05-17 14:00:00,2025-05-24 14:00:00,label_spec_v1,snap_20250905
wSDrtqoh,2025-07-12 10:00:00,13,1,1,Email channel,0,2025-07-12 10:00:00,2025-07-19 10:00:00,label_spec_v1,snap_20250905
wU90P0jp,2024-11-21 10:00:00,21,1,1,Email channel,0,2024-11-21 10:00:00,2024-11-28 10:00:00,label_spec_v1,snap_20250905
WVYCoIpt,2025-01-04 11:00:00,24,1,1,iOS applications channel,0,2025-01-04 11:00:00,2025-01-11 11:00:00,label_spec_v1,snap_20250905
WWlEHPC6,2025-06-02 08:00:00,22,1,1,Email channel,1,2025-06-02 08:00:00,2025-06-09 08:00:00,label_spec_v1,snap_20250905
WYpja7Ab,2025-07-01 09:21:21,33,1,1,iOS applications channel,1,2025-07-01 09:21:21,2025-07-08 09:21:21,label_spec_v1,snap_20250905
wzGdRtq0,2024-11-13 09:00:00,6,1,1,iOS applications channel,0,2024-11-13 09:00:00,2024-11-20 09:00:00,label_spec_v1,snap_20250905
x0DGzO7h,2025-04-06 13:00:00,37,1,1,Android applications channel,0,2025-04-06 13:00:00,2025-04-13 13:00:00,label_spec_v1,snap_20250905
x4yxlCcq,2025-06-22 14:00:00,3,1,1,iOS applications channel,0,2025-06-22 14:00:00,2025-06-29 14:00:00,label_spec_v1,snap_20250905
X744bpne,2024-09-27 08:00:00,5,1,1,Email channel,0,2024-09-27 08:00:00,2024-10-04 08:00:00,label_spec_v1,snap_20250905
x9jR7Eef,2025-03-11 19:00:00,23,1,1,iOS applications channel,0,2025-03-11 19:00:00,2025-03-18 19:00:00,label_spec_v1,snap_20250905
xB4zVC59,2025-01-02 13:00:00,9,1,1,iOS applications channel,0,2025-01-02 13:00:00,2025-01-09 13:00:00,label_spec_v1,snap_20250905
Xd3PvrhZ,2024-12-29 13:00:00,10,1,1,Email channel,0,2024-12-29 13:00:00,2025-01-05 13:00:00,label_spec_v1,snap_20250905
XFmoijes,2024-12-07 18:00:00,14,1,1,Email channel,0,2024-12-07 18:00:00,2024-12-14 18:00:00,label_spec_v1,snap_20250905
xGJgupDh,2025-09-04 18:00:00,15,1,1,Email channel,0,2025-09-04 18:00:00,2025-09-11 18:00:00,label_spec_v1,snap_20250905
xgRoEbN4,2025-05-04 20:00:00,9,1,1,iOS applications channel,0,2025-05-04 20:00:00,2025-05-11 20:00:00,label_spec_v1,snap_20250905
xhWrKoZB,2024-12-06 11:03:32,23,1,1,iOS applications channel,1,2024-12-06 11:03:32,2024-12-13 11:03:32,label_spec_v1,snap_20250905
XL8Sb24W,2025-03-24 12:34:34,28,1,1,iOS applications channel,1,2025-03-24 12:34:34,2025-03-31 12:34:34,label_spec_v1,snap_20250905
XLn6cJqI,2024-11-26 11:00:00,1,1,1,iOS applications channel,0,2024-11-26 11:00:00,2024-12-03 11:00:00,label_spec_v1,snap_20250905
XlNQGqkU,2025-01-24 10:04:42,12,1,1,Android applications channel,1,2025-01-24 10:04:42,2025-01-31 10:04:42,label_spec_v1,snap_20250905
Xn3RB1gn,2025-04-01 02:04:27,16,1,1,Email channel,1,2025-04-01 02:04:27,2025-04-08 02:04:27,label_spec_v1,snap_20250905
xnCC8p2x,2025-03-16 15:00:00,16,1,1,Android applications channel,0,2025-03-16 15:00:00,2025-03-23 15:00:00,label_spec_v1,snap_20250905
XNZ5kUCc,2025-07-22 17:00:00,37,1,1,iOS applications channel,0,2025-07-22 17:00:00,2025-07-29 17:00:00,label_spec_v1,snap_20250905
Xo62fsM4,2025-06-27 12:00:00,39,1,1,Email channel,0,2025-06-27 12:00:00,2025-07-04 12:00:00,label_spec_v1,snap_20250905
xq8pUOFM,2025-05-12 12:00:00,3,1,1,iOS applications channel,0,2025-05-12 12:00:00,2025-05-19 12:00:00,label_spec_v1,snap_20250905
XR0upt4j,2025-05-15 05:22:52,9,1,1,iOS applications channel,1,2025-05-15 05:22:52,2025-05-22 05:22:52,label_spec_v1,snap_20250905
xS5ZIMO6,2025-03-25 19:34:05,25,1,1,Email channel,1,2025-03-25 19:34:05,2025-04-01 19:34:05,label_spec_v1,snap_20250905
XspthdpA,2025-03-05 08:00:00,8,1,1,Android applications channel,0,2025-03-05 08:00:00,2025-03-12 08:00:00,label_spec_v1,snap_20250905
xumDhqQ3,2025-05-21 10:00:00,6,1,1,Android applications channel,0,2025-05-21 10:00:00,2025-05-28 10:00:00,label_spec_v1,snap_20250905
xy6jl792,2025-04-24 08:00:00,4,1,1,Android applications channel,0,2025-04-24 08:00:00,2025-05-01 08:00:00,label_spec_v1,snap_20250905
XywLZV6W,2025-02-25 10:00:00,8,1,1,iOS applications channel,0,2025-02-25 10:00:00,2025-03-04 10:00:00,label_spec_v1,snap_20250905
y2591AIV,2025-01-07 15:00:00,15,1,1,Android applications channel,0,2025-01-07 15:00:00,2025-01-14 15:00:00,label_spec_v1,snap_20250905
y3NAp935,2025-08-22 20:00:00,2,1,1,Android applications channel,0,2025-08-22 20:00:00,2025-08-29 20:00:00,label_spec_v1,snap_20250905
Y4XfzGVr,2025-08-23 12:00:00,15,1,1,Email channel,0,2025-08-23 12:00:00,2025-08-30 12:00:00,label_spec_v1,snap_20250905
Y59YVkQf,2025-06-08 16:00:00,33,1,1,Email channel,0,2025-06-08 16:00:00,2025-06-15 16:00:00,label_spec_v1,snap_20250905
Y8hyqIUs,2024-12-05 13:26:29,1,1,1,Email channel,1,2024-12-05 13:26:29,2024-12-12 13:26:29,label_spec_v1,snap_20250905
YARFiOtp,2025-01-22 16:00:00,29,1,1,iOS applications channel,0,2025-01-22 16:00:00,2025-01-29 16:00:00,label_spec_v1,snap_20250905
yDIPwtqx,2025-06-18 18:17:22,9,1,1,Android applications channel,1,2025-06-18 18:17:22,2025-06-25 18:17:22,label_spec_v1,snap_20250905
YeKgZ3Il,2025-08-31 13:00:00,4,1,1,Android applications channel,0,2025-08-31 13:00:00,2025-09-07 13:00:00,label_spec_v1,snap_20250905
YFl7V937,2025-06-30 14:00:00,7,1,1,iOS applications channel,0,2025-06-30 14:00:00,2025-07-07 14:00:00,label_spec_v1,snap_20250905
YgFmMmXq,2025-07-13 07:51:02,8,1,1,iOS applications channel,1,2025-07-13 07:51:02,2025-07-20 07:51:02,label_spec_v1,snap_20250905
YipYFbxJ,2024-12-13 18:00:00,16,1,1,Email channel,0,2024-12-13 18:00:00,2024-12-20 18:00:00,label_spec_v1,snap_20250905
ypqnvPf7,2025-02-17 18:00:00,13,1,1,iOS applications channel,0,2025-02-17 18:00:00,2025-02-24 18:00:00,label_spec_v1,snap_20250905
YqvNSzPf,2024-10-08 12:00:00,23,1,1,Email channel,0,2024-10-08 12:00:00,2024-10-15 12:00:00,label_spec_v1,snap_20250905
yQY0PjF9,2025-05-01 17:00:00,38,1,1,Android applications channel,0,2025-05-01 17:00:00,2025-05-08 17:00:00,label_spec_v1,snap_20250905
yr0Yzxh7,2025-06-08 08:21:17,26,1,1,Android applications channel,1,2025-06-08 08:21:17,2025-06-15 08:21:17,label_spec_v1,snap_20250905
YrLdwGet,2025-07-11 11:00:00,40,1,1,iOS applications channel,0,2025-07-11 11:00:00,2025-07-18 11:00:00,label_spec_v1,snap_20250905
Ys3I4w4A,2025-08-06 11:52:14,7,1,1,Email channel,1,2025-08-06 11:52:14,2025-08-13 11:52:14,label_spec_v1,snap_20250905
yvlFSFx7,2025-05-14 14:00:00,11,1,1,Email channel,0,2025-05-14 14:00:00,2025-05-21 14:00:00,label_spec_v1,snap_20250905
YWXfiNBO,2025-01-25 09:25:07,33,1,1,iOS applications channel,1,2025-01-25 09:25:07,2025-02-01 09:25:07,label_spec_v1,snap_20250905
YxyE6D4c,2025-08-28 08:05:23,38,1,1,Email channel,1,2025-08-28 08:05:23,2025-09-04 08:05:23,label_spec_v1,snap_20250905
yYHuSAAj,2024-09-24 20:00:00,9,1,1,Android applications channel,0,2024-09-24 20:00:00,2024-10-01 20:00:00,label_spec_v1,snap_20250905
yyigbmH3,2025-03-02 14:00:00,36,1,1,iOS applications channel,0,2025-03-02 14:00:00,2025-03-09 14:00:00,label_spec_v1,snap_20250905
YYpLublq,2024-10-25 16:00:00,8,1,1,iOS applications channel,0,2024-10-25 16:00:00,2024-11-01 16:00:00,label_spec_v1,snap_20250905
z0BGufzQ,2025-03-19 20:00:00,32,1,1,Email channel,0,2025-03-19 20:00:00,2025-03-26 20:00:00,label_spec_v1,snap_20250905
Z2csbuq8,2025-02-27 12:09:20,5,1,1,Android applications channel,1,2025-02-27 12:09:20,2025-03-06 12:09:20,label_spec_v1,snap_20250905
Z32JgdPI,2024-10-19 10:00:00,10,1,1,Email channel,0,2024-10-19 10:00:00,2024-10-26 10:00:00,label_spec_v1,snap_20250905
z92ZJxfY,2024-09-15 09:00:00,34,1,1,iOS applications channel,0,2024-09-15 09:00:00,2024-09-22 09:00:00,label_spec_v1,snap_20250905
ZaoqMZ8t,2025-08-13 11:00:00,14,1,1,iOS applications channel,0,2025-08-13 11:00:00,2025-08-20 11:00:00,label_spec_v1,snap_20250905
ZAP4Zkhi,2025-08-23 05:45:42,29,1,1,iOS applications channel,1,2025-08-23 05:45:42,2025-08-30 05:45:42,label_spec_v1,snap_20250905
zcz44vSp,2024-09-23 20:00:00,20,1,1,iOS applications channel,0,2024-09-23 20:00:00,2024-09-30 20:00:00,label_spec_v1,snap_20250905
ZDQHJMu8,2025-03-28 09:00:00,1,1,1,iOS applications channel,0,2025-03-28 09:00:00,2025-04-04 09:00:00,label_spec_v1,snap_20250905
Zf0jE7MB,2024-12-12 12:00:00,7,1,1,Email channel,0,2024-12-12 12:00:00,2024-12-19 12:00:00,label_spec_v1,snap_20250905
zFeKORdj,2024-09-17 16:00:00,31,1,1,Email channel,0,2024-09-17 16:00:00,2024-09-24 16:00:00,label_spec_v1,snap_20250905
zfOIINjr,2025-03-05 11:00:00,17,1,1,iOS applications channel,0,2025-03-05 11:00:00,2025-03-12 11:00:00,label_spec_v1,snap_20250905
zfwo4nQv,2025-06-06 16:00:00,15,1,1,Email channel,0,2025-06-06 16:00:00,2025-06-13 16:00:00,label_spec_v1,snap_20250905
ZhvkUDPq,2025-06-01 14:00:00,29,1,1,iOS applications channel,0,2025-06-01 14:00:00,2025-06-08 14:00:00,label_spec_v1,snap_20250905
ZIAWLoJd,2024-12-28 13:51:29,10,1,1,Android applications channel,1,2024-12-28 13:51:29,2025-01-04 13:51:29,label_spec_v1,snap_20250905
zIJ8ftnV,2025-04-07 17:00:00,35,1,1,Android applications channel,0,2025-04-07 17:00:00,2025-04-14 17:00:00,label_spec_v1,snap_20250905
ZiJdL9JJ,2025-01-07 21:00:00,4,1,1,Android applications channel,0,2025-01-07 21:00:00,2025-01-14 21:00:00,label_spec_v1,snap_20250905
ZivTl6Z2,2025-03-22 10:00:00,27,1,1,Android applications channel,0,2025-03-22 10:00:00,2025-03-29 10:00:00,label_spec_v1,snap_20250905
ziX2H4Kb,2025-05-06 12:00:00,33,1,1,iOS applications channel,0,2025-05-06 12:00:00,2025-05-13 12:00:00,label_spec_v1,snap_20250905
ZIYbyYTw,2025-07-31 19:00:00,1,1,1,Email channel,0,2025-07-31 19:00:00,2025-08-07 19:00:00,label_spec_v1,snap_20250905
zLhww2DN,2025-07-22 12:40:49,1,1,1,iOS applications channel,1,2025-07-22 12:40:49,2025-07-29 12:40:49,label_spec_v1,snap_20250905
ZMi3qdPE,2025-05-01 07:27:27,6,1,1,Android applications channel,1,2025-05-01 07:27:27,2025-05-08 07:27:27,label_spec_v1,snap_20250905
zOtUSWoB,2025-01-23 16:00:00,14,1,1,Email channel,0,2025-01-23 16:00:00,2025-01-30 16:00:00,label_spec_v1,snap_20250905
Zqvr4MS4,2024-12-02 18:00:00,30,1,1,Email channel,0,2024-12-02 18:00:00,2024-12-09 18:00:00,label_spec_v1,snap_20250905
zRG754TX,2025-07-01 09:00:00,24,1,1,iOS applications channel,0,2025-07-01 09:00:00,2025-07-08 09:00:00,label_spec_v1,snap_20250905
zrm9h820,2025-02-27 11:00:00,35,1,1,Android applications channel,0,2025-02-27 11:00:00,2025-03-06 11:00:00,label_spec_v1,snap_20250905
zTOAshzb,2025-06-08 17:00:00,28,1,1,Android applications channel,0,2025-06-08 17:00:00,2025-06-15 17:00:00,label_spec_v1,snap_20250905
zv1NyZ3v,2024-12-24 11:00:00,9,1,1,Android applications channel,0,2024-12-24 11:00:00,2024-12-31 11:00:00,label_spec_v1,snap_20250905
zw03wFYE,2025-06-27 21:00:00,13,1,1,Email channel,0,2025-06-27 21:00:00,2025-07-04 21:00:00,label_spec_v1,snap_20250905
ZwoOmNqR,2025-05-11 19:00:00,4,1,1,Android applications channel,0,2025-05-11 19:00:00,2025-05-18 19:00:00,label_spec_v1,snap_20250905
ZzbooUin,2025-03-09 12:00:00,9,1,1,iOS applications channel,0,2025-03-09 12:00:00,2025-03-16 12:00:00,label_spec_v1,snap_20250905
ZzUk1D6i,2025-07-20 10:00:00,1,1,1,Android applications channel,0,2025-07-20 10:00:00,2025-07-27 10:00:00,label_spec_v1,snap_20250905
